campaign_id,campaign_name,channel,impressions,clicks,spend,conversions,revenue,customer_id,customer_segment,campaign_start_date,CTR,Conversion_Rate,ROI,Cost_Per_Conversion,Month
CMP-1000,Google Ads_Small_New_Sep,Google Ads,50129,2191,1061.81,68,4460.93,11829,New,2025-09-09,0.04370723533284127,0.031036056595162027,3.2012506945687087,15.61485294117647,2025-09
CMP-1001,Facebook_Large_New_Dec,Facebook,742729,76636,16239.78,1594,192566.77,14468,New,2025-12-21,0.10318164498760651,0.020799624197505088,10.857720363206889,10.188067754077792,2025-12
CMP-1002,Google Ads_Small_Low-Value_Jul,Google Ads,25226,1143,530.88,30,763.64,10768,Low-Value,2025-07-09,0.045310394037897404,0.026246719160104987,0.43844183242917417,17.696,2025-07
CMP-1003,Facebook_Large_Returning_Nov,Facebook,887705,80684,17336.18,1569,124143.85,10218,Returning,2025-11-07,0.09089055485775117,0.019446234693371672,6.160969140837255,11.04919056724028,2025-11
CMP-1004,LinkedIn_Large_Returning_Dec,LinkedIn,590057,10819,34474.12,512,48950.78,14465,Returning,2025-12-14,0.018335516738213428,0.047324151954894166,0.4199283404478489,67.332265625,2025-12
CMP-1005,Email_Large_Returning_Oct,Email,3643279,549603,4140.7,22796,1245688.36,12279,Returning,2025-10-23,0.150853942286605,0.04147721173283261,299.8400415388703,0.18164151605544832,2025-10
CMP-1006,Google Ads_Medium_Returning_Dec,Google Ads,238249,7871,6860.36,278,40744.57,12788,Returning,2025-12-26,0.033036864792716863,0.03531952737898615,4.939130016500592,24.67755395683453,2025-12
CMP-1007,Instagram_Medium_Returning_Aug,Instagram,520362,52394,8467.18,843,79254.86,10838,Returning,2025-08-25,0.10068759824891134,0.016089628583425584,8.360242725441054,10.044104389086597,2025-08
CMP-1008,Google Ads_Medium_Low-Value_Jul,Google Ads,118822,3867,2976.31,135,3748.06,12818,Low-Value,2025-07-25,0.03254447829526519,0.03491078355314197,0.25929758660892177,22.04674074074074,2025-07
CMP-1009,LinkedIn_Large_High-Value_Jul,LinkedIn,675036,13609,36500.89,693,123165.62,13764,High-Value,2025-07-12,0.02016040625981429,0.050922183848923504,2.3743182700476617,52.67083694083694,2025-07
CMP-1010,LinkedIn_Small_New_Oct,LinkedIn,43389,1020,1954.38,59,6477.61,14523,New,2025-10-05,0.023508262462836202,0.05784313725490196,2.314406614885539,33.12508474576271,2025-10
CMP-1011,Instagram_Small_High-Value_Nov,Instagram,104859,11052,1882.81,135,26837.94,10570,High-Value,2025-11-25,0.10539867822504506,0.012214983713355049,13.254194528391073,13.94674074074074,2025-11
CMP-1012,Google Ads_Small_Returning_Sep,Google Ads,39358,1781,1083.02,50,3904.67,11908,Returning,2025-09-13,0.04525128309365313,0.02807411566535654,2.605353548410925,21.6604,2025-09
CMP-1013,Google Ads_Medium_Low-Value_Sep,Google Ads,217229,9739,6341.57,242,12004.8,12989,Low-Value,2025-09-10,0.044832872222401246,0.024848547078755518,0.8930327978718203,26.2048347107438,2025-09
CMP-1014,Facebook_Small_High-Value_Sep,Facebook,81028,5850,1658.37,131,33539.75,12188,High-Value,2025-09-29,0.07219726514291357,0.022393162393162393,19.22452769888505,12.659312977099235,2025-09
CMP-1015,Google Ads_Large_Returning_Nov,Google Ads,1736379,57621,39160.29,1630,100386.66,12006,Returning,2025-11-14,0.033184575487264015,0.02828829766925253,1.563481016100749,24.024717791411042,2025-11
CMP-1016,Facebook_Medium_Low-Value_Oct,Facebook,519111,43559,8904.83,719,21087.89,14563,Low-Value,2025-10-06,0.08391076282336533,0.016506347712298263,1.3681406607425408,12.385020862308762,2025-10
CMP-1017,Facebook_Small_High-Value_Jul,Facebook,59916,5689,987.77,131,28929.02,10263,High-Value,2025-07-15,0.09494959610120836,0.023026894005976444,28.28720248640878,7.540229007633588,2025-07
CMP-1018,Instagram_Small_Low-Value_Sep,Instagram,49156,6514,679.39,100,4312.9,11729,Low-Value,2025-09-07,0.1325168850191228,0.015351550506601168,5.348194704072771,6.7939,2025-09
CMP-1019,LinkedIn_Large_High-Value_Aug,LinkedIn,600447,11660,29751.82,472,78438.71,14090,High-Value,2025-08-24,0.019418866277956255,0.04048027444253859,1.6364340063901976,63.03351694915254,2025-08
CMP-1020,Email_Medium_Low-Value_Aug,Email,237428,32969,225.14,1323,62481.31,11144,Low-Value,2025-08-06,0.13885893828866014,0.040128605659862294,276.5220307364307,0.17017384731670446,2025-08
CMP-1021,Facebook_Medium_High-Value_Nov,Facebook,213952,21224,3994.34,378,61064.76,14781,High-Value,2025-11-27,0.09919982052049058,0.017810026385224276,14.28782226850994,10.567037037037037,2025-11
CMP-1022,Email_Small_High-Value_Aug,Email,80797,14202,93.46,638,156316.74,14175,High-Value,2025-08-26,0.1757738529895912,0.04492325024644416,1671.5523218489195,0.14648902821316614,2025-08
CMP-1023,Email_Small_New_Jul,Email,202670,26589,180.72,1230,127839.1,11253,New,2025-07-13,0.13119356589529776,0.04625973146790026,706.387671536078,0.14692682926829267,2025-07
CMP-1024,Facebook_Small_Low-Value_Nov,Facebook,110126,9189,1711.16,155,4159.9,13153,Low-Value,2025-11-30,0.08344078600875361,0.016867994341059962,1.4310409312980665,11.039741935483871,2025-11
CMP-1025,Email_Medium_Low-Value_Nov,Email,610591,104804,541.69,3365,118859.94,14533,Low-Value,2025-11-13,0.17164353880093222,0.03210755314682646,218.4242832616441,0.1609777117384844,2025-11
CMP-1026,Google Ads_Large_New_Dec,Google Ads,949157,32193,26696.44,903,130294.75,12186,New,2025-12-22,0.033917465709044976,0.028049575994781473,3.8806039307113607,29.564163898117386,2025-12
CMP-1027,Instagram_Medium_New_Sep,Instagram,308006,39962,4585.62,566,83302.87,11296,New,2025-09-14,0.1297442257618358,0.014163455282518393,17.16610839973657,8.101802120141343,2025-09
CMP-1028,Email_Large_New_Sep,Email,4368267,654518,4849.79,24095,1891073.17,11464,New,2025-09-06,0.14983470561666676,0.036813349671055644,388.92887733283294,0.20127785847686241,2025-09
CMP-1029,LinkedIn_Medium_New_Dec,LinkedIn,47913,959,2295.1,39,3036.72,14159,New,2025-12-08,0.02001544466011312,0.040667361835245046,0.32313188967800965,58.84871794871795,2025-12
CMP-1030,LinkedIn_Medium_Returning_Aug,LinkedIn,166016,2848,9266.13,141,20947.67,11324,Returning,2025-08-09,0.017154973014649192,0.04950842696629214,1.2606708518011296,65.71723404255319,2025-08
CMP-1031,LinkedIn_Medium_New_Dec,LinkedIn,84149,1859,3936.44,83,10194.2,14003,New,2025-12-01,0.022091765796384985,0.04464766003227542,1.5897003383768076,47.42698795180723,2025-12
CMP-1032,Google Ads_Medium_New_Oct,Google Ads,208152,8770,4942.27,266,15701.71,11962,New,2025-10-01,0.04213267227795073,0.03033067274800456,2.177023918159064,18.57996240601504,2025-10
CMP-1033,Google Ads_Small_Returning_Nov,Google Ads,65091,2277,1752.95,55,5999.91,10702,Returning,2025-11-23,0.0349817947181638,0.024154589371980676,2.422750221055934,31.87181818181818,2025-11
CMP-1034,Email_Small_New_Nov,Email,122313,18435,151.63,656,75123.34,11052,New,2025-11-14,0.15071987442054402,0.03558448603200434,494.4385016157752,0.23114329268292683,2025-11
CMP-1035,Email_Large_Returning_Sep,Email,1827109,261649,1697.47,12294,783768.25,14970,Returning,2025-09-06,0.14320382637270135,0.04698661183493917,460.7273059317691,0.13807304376118432,2025-09
CMP-1036,Email_Large_Returning_Nov,Email,1998724,350739,2364.27,16147,1223848.35,11648,Returning,2025-11-16,0.17548145716967425,0.04603708170462937,516.6432260274842,0.14642162630829256,2025-11
CMP-1037,Instagram_Large_Low-Value_Dec,Instagram,2734535,335389,36399.36,5090,138730.84,13060,Low-Value,2025-12-19,0.12264937183104258,0.015176407097430148,2.811353826001336,7.151151277013753,2025-12
CMP-1038,Email_Small_Low-Value_Jul,Email,74128,12900,63.97,543,16382.8,11841,Low-Value,2025-07-31,0.17402331102957047,0.042093023255813954,255.10129748319525,0.1178084714548803,2025-07
CMP-1039,Google Ads_Large_High-Value_Jul,Google Ads,1045387,48457,23968.38,1678,447994.67,14538,High-Value,2025-07-06,0.04635316873081452,0.03462863982499948,17.691070068148118,14.283897497020263,2025-07
CMP-1040,Facebook_Small_Returning_Jul,Facebook,67759,5272,1463.05,122,13498.43,10483,Returning,2025-07-02,0.07780516241384908,0.02314112291350531,8.226226034653635,11.992213114754097,2025-07
CMP-1041,Facebook_Medium_New_Jul,Facebook,96834,9285,2073.58,148,9779.96,10581,New,2025-07-09,0.09588574261106636,0.015939687668282177,3.716461385622932,14.010675675675675,2025-07
CMP-1042,LinkedIn_Large_Returning_Sep,LinkedIn,688034,14597,31949.35,649,78670.43,13977,Returning,2025-09-10,0.021215521325980983,0.044461190655614165,1.4623483732845894,49.228582434514635,2025-09
CMP-1043,Facebook_Large_Returning_Nov,Facebook,1007154,99581,19489.96,2110,284686.14,13873,Returning,2025-11-24,0.09887365785172873,0.02118878099235798,13.606809865181868,9.236947867298579,2025-11
CMP-1044,Facebook_Small_Low-Value_Oct,Facebook,84835,6394,1486.42,121,3382.68,10773,Low-Value,2025-10-13,0.07536983556315201,0.018923991241789177,1.2757228777868972,12.284462809917356,2025-10
CMP-1045,Google Ads_Medium_Low-Value_Sep,Google Ads,187985,7197,3951.92,249,9694.61,13368,Low-Value,2025-09-29,0.03828496954544246,0.03459774906210921,1.4531392335877245,15.87116465863454,2025-09
CMP-1046,Email_Large_New_Dec,Email,4183653,646852,4179.25,25796,1793448.81,10807,New,2025-12-20,0.1546141613561163,0.0398792923265291,428.1317365556021,0.16201155217863233,2025-12
CMP-1047,Google Ads_Small_Low-Value_Sep,Google Ads,57792,1871,1583.68,59,1493.49,12037,Low-Value,2025-09-25,0.03237472314507198,0.03153393907001603,-0.05694963629015966,26.842033898305086,2025-09
CMP-1048,Facebook_Medium_Returning_Nov,Facebook,625160,65601,9523.67,1243,64071.26,11149,Returning,2025-11-15,0.1049347367074029,0.018947881892044327,5.727580859059586,7.6618423169750605,2025-11
CMP-1049,Email_Medium_Returning_Sep,Email,915575,162971,942.65,7727,1045470.41,12047,Returning,2025-09-10,0.17799852551675177,0.047413343478287545,1108.0759136476954,0.12199430568137698,2025-09
CMP-1050,Google Ads_Small_Low-Value_Nov,Google Ads,35935,1639,941.67,45,1128.82,10415,Low-Value,2025-11-18,0.04561012940030611,0.027455765710799267,0.1987426593180201,20.926,2025-11
CMP-1051,LinkedIn_Small_New_Jul,LinkedIn,31362,676,1335.2,34,2030.4,11363,New,2025-07-24,0.02155474778394235,0.05029585798816568,0.5206710605152787,39.27058823529412,2025-07
CMP-1052,Email_Small_Low-Value_Nov,Email,170135,21846,142.25,880,40762.65,13286,Low-Value,2025-11-01,0.12840391453845476,0.04028197381671702,285.55641476274167,0.16164772727272728,2025-11
CMP-1053,Google Ads_Small_Returning_Oct,Google Ads,69524,3006,1611.15,85,6745.53,13199,Returning,2025-10-06,0.04323686784419769,0.028276779773785763,3.1867796294572193,18.954705882352943,2025-10
CMP-1054,Instagram_Medium_Low-Value_Sep,Instagram,635077,87398,8474.89,1527,53964.6,14553,Low-Value,2025-09-12,0.13761795813735972,0.01747179569326529,5.3675870719265975,5.5500261951538965,2025-09
CMP-1055,Email_Medium_Returning_Aug,Email,672948,106997,601.21,4625,599304.11,11784,Returning,2025-08-18,0.1589974262498737,0.04322551099563539,995.829909682141,0.12999135135135137,2025-08
CMP-1056,Google Ads_Small_New_Sep,Google Ads,68643,2609,1835.01,65,7008.82,10411,New,2025-09-19,0.03800824556036304,0.02491376006132618,2.8194996212554697,28.230923076923077,2025-09
CMP-1057,LinkedIn_Large_Low-Value_Nov,LinkedIn,225605,4589,11437.69,209,7884.52,11290,Low-Value,2025-11-06,0.020340861239777488,0.04554369143604271,-0.3106545115316117,54.725789473684216,2025-11
CMP-1058,Google Ads_Small_New_Aug,Google Ads,17790,803,545.75,22,1379.53,14875,New,2025-08-17,0.04513771781899944,0.0273972602739726,1.5277691250572607,24.806818181818183,2025-08
CMP-1059,Google Ads_Small_Returning_Oct,Google Ads,56878,2016,1283.36,63,3687.69,14667,Returning,2025-10-12,0.03544428425753367,0.03125,1.8734649669617256,20.37079365079365,2025-10
CMP-1060,Facebook_Small_New_Dec,Facebook,32486,2971,577.52,62,7601.77,13435,New,2025-12-06,0.09145478052083975,0.020868394479973074,12.16278224130766,9.314838709677419,2025-12
CMP-1061,LinkedIn_Small_High-Value_Sep,LinkedIn,39531,734,1963.78,41,7815.62,12574,High-Value,2025-09-05,0.01856770635703625,0.055858310626702996,2.979885730580819,47.89707317073171,2025-09
CMP-1062,Facebook_Small_High-Value_Oct,Facebook,53506,3901,1158.46,92,25336.53,12458,High-Value,2025-10-10,0.07290771128471574,0.02358369648807998,20.870871674464375,12.591956521739132,2025-10
CMP-1063,Email_Small_High-Value_Jul,Email,148773,19399,154.4,669,125461.87,13755,High-Value,2025-07-19,0.1303932837275581,0.03448631372751173,811.5768782383419,0.23079222720478326,2025-07
CMP-1064,LinkedIn_Large_New_Jul,LinkedIn,694264,14775,31969.07,673,97912.43,11747,New,2025-07-19,0.021281529792701336,0.04554991539763113,2.0627237514259873,47.50233283803863,2025-07
CMP-1065,LinkedIn_Medium_High-Value_Aug,LinkedIn,161500,3374,7903.18,163,30507.02,10564,High-Value,2025-08-03,0.020891640866873066,0.048310610551274454,2.860094291158749,48.485766871165644,2025-08
CMP-1066,Facebook_Small_High-Value_Sep,Facebook,63366,4595,1033.96,77,12081.33,13590,High-Value,2025-09-11,0.072515228987154,0.01675734494015234,10.684523579248712,13.428051948051948,2025-09
CMP-1067,LinkedIn_Large_High-Value_Dec,LinkedIn,265652,5745,11629.15,284,46767.74,14334,High-Value,2025-12-04,0.021626037071055367,0.049434290687554394,3.0215957314163115,40.947711267605634,2025-12
CMP-1068,Google Ads_Small_High-Value_Dec,Google Ads,48971,1702,1237.42,49,10279.01,11101,High-Value,2025-12-17,0.03475526331910723,0.028789659224441832,7.306807712821839,25.253469387755104,2025-12
CMP-1069,Instagram_Large_New_Jul,Instagram,2433702,238927,34634.0,3404,383242.72,14533,New,2025-07-28,0.09817430400270863,0.014247029427398326,10.065505572558756,10.174500587544065,2025-07
CMP-1070,Facebook_Large_High-Value_Sep,Facebook,1912289,183030,30125.45,3167,508573.68,11726,High-Value,2025-09-11,0.0957125204401636,0.01730317434300388,15.881861681734215,9.512298705399433,2025-09
CMP-1071,Instagram_Large_Returning_Dec,Instagram,1929064,239430,35696.77,4223,454172.75,12163,Returning,2025-12-23,0.12411718843957484,0.017637722925280874,11.723076905837699,8.45294103717736,2025-12
CMP-1072,LinkedIn_Small_Low-Value_Sep,LinkedIn,22885,450,1082.25,22,1061.37,10757,Low-Value,2025-09-03,0.019663535066637535,0.04888888888888889,-0.019293139293139396,49.19318181818182,2025-09
CMP-1073,Email_Small_High-Value_Jul,Email,127823,22282,107.92,782,125436.08,12733,High-Value,2025-07-12,0.1743191757351963,0.03509559285521946,1161.306152705708,0.13800511508951407,2025-07
CMP-1074,Facebook_Large_High-Value_Aug,Facebook,629286,47448,14031.12,1018,163570.51,13620,High-Value,2025-08-11,0.07539973875153745,0.021455066599224415,10.657694467726026,13.78302554027505,2025-08
CMP-1075,LinkedIn_Small_Low-Value_Nov,LinkedIn,22268,360,978.46,20,569.11,10917,Low-Value,2025-11-21,0.016166696604993713,0.05555555555555555,-0.41836150685771517,48.923,2025-11
CMP-1076,Google Ads_Small_Returning_Nov,Google Ads,29221,1229,677.25,42,5187.3,13025,Returning,2025-11-17,0.04205879333356148,0.03417412530512612,6.659357696566999,16.125,2025-11
CMP-1077,LinkedIn_Small_Returning_Oct,LinkedIn,31130,542,1705.22,29,3789.82,10343,Returning,2025-10-19,0.017410857693543207,0.05350553505535055,1.222481556631989,58.80068965517241,2025-10
CMP-1078,Instagram_Medium_High-Value_Jul,Instagram,638477,72694,9924.04,1210,243355.84,11721,High-Value,2025-07-11,0.11385531507008083,0.01664511514017663,23.521851987698554,8.201685950413223,2025-07
CMP-1079,Facebook_Large_New_Sep,Facebook,3000081,262338,47230.29,5773,724247.6,13330,New,2025-09-29,0.08744363902174641,0.022005961774504645,14.334388164883169,8.181238524164213,2025-09
CMP-1080,LinkedIn_Small_Returning_Aug,LinkedIn,15202,304,654.69,17,1394.08,11451,Returning,2025-08-30,0.019997368767267466,0.05592105263157895,1.1293742076402569,38.51117647058824,2025-08
CMP-1081,Email_Large_New_Aug,Email,4379017,528329,4582.09,24559,1452140.95,12722,New,2025-08-15,0.12065013677727215,0.046484292931109214,315.9167235911996,0.1865747791033837,2025-08
CMP-1082,Email_Small_Returning_Sep,Email,115520,20451,97.9,842,95300.69,10886,Returning,2025-09-07,0.17703427977839334,0.04117158085179209,972.4493360572012,0.11627078384798101,2025-09
CMP-1083,Email_Small_New_Oct,Email,107567,15029,117.27,642,80402.44,11635,New,2025-10-29,0.1397175713741203,0.042717413001530376,684.6181461584378,0.18266355140186916,2025-10
CMP-1084,Email_Small_High-Value_Sep,Email,188284,23624,168.74,942,149433.05,11827,High-Value,2025-09-17,0.12547003462853987,0.03987470369116153,884.5816640986131,0.1791295116772824,2025-09
CMP-1085,Google Ads_Medium_Returning_Oct,Google Ads,249865,11544,6396.23,325,20054.68,12283,Returning,2025-10-11,0.04620094851219659,0.028153153153153154,2.135390691078964,19.680707692307692,2025-10
CMP-1086,Google Ads_Large_High-Value_Sep,Google Ads,694560,29096,15719.67,733,119197.54,14174,High-Value,2025-09-28,0.04189126929278968,0.02519246631839428,6.582699891282704,21.445661664392905,2025-09
CMP-1087,Email_Small_High-Value_Jul,Email,128631,21778,155.15,942,152794.58,12140,High-Value,2025-07-08,0.16930599933142088,0.04325466066672789,983.8184337737672,0.1647027600849257,2025-07
CMP-1088,Facebook_Small_High-Value_Jul,Facebook,41630,3558,627.26,67,18218.64,14888,High-Value,2025-07-10,0.08546721114580831,0.01883080382237212,28.044798010394416,9.362089552238805,2025-07
CMP-1089,Email_Medium_High-Value_Sep,Email,1143995,188991,957.8,7185,1167742.9,14967,High-Value,2025-09-19,0.16520264511645594,0.03801768338174834,1218.1928377531842,0.1333054975643702,2025-09
CMP-1090,LinkedIn_Large_New_Oct,LinkedIn,840914,16308,41085.88,947,57880.4,11558,New,2025-10-07,0.019393184083033463,0.058069659063036544,0.4087662233351216,43.38530095036958,2025-10
CMP-1091,Instagram_Small_New_Oct,Instagram,66451,7874,1238.94,97,6002.53,14260,New,2025-10-20,0.11849332590931663,0.012319024638049276,3.844891600884627,12.77257731958763,2025-10
CMP-1092,LinkedIn_Medium_Returning_Oct,LinkedIn,62313,1368,2940.21,70,10235.21,10574,Returning,2025-10-02,0.021953685426796977,0.05116959064327485,2.4811152944857677,42.003,2025-10
CMP-1093,Instagram_Small_High-Value_Dec,Instagram,64750,8915,1062.31,118,34749.04,12461,High-Value,2025-12-17,0.13768339768339768,0.013236118900729107,31.71082828929409,9.002627118644067,2025-12
CMP-1094,LinkedIn_Medium_High-Value_Dec,LinkedIn,49828,814,2097.24,47,10770.29,12673,High-Value,2025-12-18,0.016336196516015093,0.05773955773955774,4.135458984188745,44.62212765957447,2025-12
CMP-1095,Email_Small_High-Value_Nov,Email,165028,25287,198.94,1201,274386.08,11572,High-Value,2025-11-19,0.15322854303512132,0.04749476015343852,1378.2403739821052,0.16564529558701083,2025-11
CMP-1096,Email_Large_Low-Value_Dec,Email,3793020,558607,3517.59,23484,881341.12,11426,Low-Value,2025-12-21,0.147272358173698,0.04204028950586011,249.5525430763676,0.149786663260092,2025-12
CMP-1097,LinkedIn_Large_High-Value_Oct,LinkedIn,753482,13749,46046.32,811,229950.59,10004,High-Value,2025-10-12,0.01824728394308026,0.05898610808058768,3.99389723217838,56.77721331689273,2025-10
CMP-1098,Instagram_Medium_High-Value_Aug,Instagram,394435,43117,5645.25,566,124267.99,14752,High-Value,2025-08-23,0.1093133215865732,0.013127072848296496,21.012840883928966,9.973939929328623,2025-08
CMP-1099,LinkedIn_Medium_High-Value_Oct,LinkedIn,99766,1658,4826.82,98,29197.3,13623,High-Value,2025-10-28,0.01661888819838422,0.05910735826296743,5.048972201159356,49.253265306122444,2025-10
CMP-1100,Facebook_Large_Low-Value_Aug,Facebook,2137448,177713,37926.47,4000,162167.74,10695,Low-Value,2025-08-13,0.08314260744588874,0.02250820142589456,3.2758458670158332,9.4816175,2025-08
CMP-1101,Instagram_Small_High-Value_Jul,Instagram,57747,7823,743.93,138,35722.39,12543,High-Value,2025-07-24,0.13547024087831402,0.017640291448293495,47.018482921780276,5.390797101449275,2025-07
CMP-1102,Facebook_Small_Returning_Aug,Facebook,76315,8057,1420.12,184,10032.02,10379,Returning,2025-08-07,0.10557557491974055,0.02283728434901328,6.064205841759852,7.718043478260869,2025-08
CMP-1103,Facebook_Small_Low-Value_Dec,Facebook,28493,2882,539.55,68,1666.85,13731,Low-Value,2025-12-04,0.10114765030007371,0.02359472588480222,2.089333704012603,7.934558823529411,2025-12
CMP-1104,Email_Medium_Returning_Dec,Email,643130,114602,675.3,5211,697403.09,14050,Returning,2025-12-26,0.17819414426321273,0.04547041063855779,1031.730771508959,0.12959124928036844,2025-12
CMP-1105,Email_Large_Returning_Aug,Email,2776822,378770,2874.77,12462,1700717.03,10046,Returning,2025-08-07,0.13640413393440415,0.032901232938194684,590.6010776514295,0.23068287594286632,2025-08
CMP-1106,Google Ads_Small_Low-Value_Aug,Google Ads,82521,3956,1719.35,121,5211.42,14244,Low-Value,2025-08-26,0.04793931241744526,0.03058645096056623,2.0310408003024403,14.209504132231404,2025-08
CMP-1107,Email_Small_New_Nov,Email,218527,29466,191.71,1155,72667.91,10995,New,2025-11-20,0.13483917319141342,0.039197719405416415,378.0512232017109,0.16598268398268398,2025-11
CMP-1108,Email_Large_Returning_Oct,Email,5020747,671367,4816.2,28699,3208916.24,14352,Returning,2025-10-27,0.1337185482558671,0.042747111490436675,665.2755367302022,0.16781769399630647,2025-10
CMP-1109,LinkedIn_Large_High-Value_Oct,LinkedIn,411323,8791,24326.51,443,117770.56,14136,High-Value,2025-10-22,0.02137249801251085,0.05039244682061199,3.841243565147652,54.91311512415349,2025-10
CMP-1110,Email_Large_Low-Value_Aug,Email,3514633,538140,3080.65,22050,1020906.36,13889,Low-Value,2025-08-10,0.15311413737935084,0.040974467610658934,330.3931670264392,0.13971201814058956,2025-08
CMP-1111,Email_Large_High-Value_Sep,Email,2231267,271605,2613.93,11972,2909751.89,12272,High-Value,2025-09-02,0.12172680365012345,0.04407871725483699,1112.1713129272782,0.21833695289007682,2025-09
CMP-1112,LinkedIn_Small_Low-Value_Dec,LinkedIn,27549,470,1556.12,18,549.32,12250,Low-Value,2025-12-08,0.01706051036335257,0.03829787234042553,-0.6469938051050047,86.4511111111111,2025-12
CMP-1113,Email_Small_New_Sep,Email,132518,19380,138.49,900,76342.99,12226,New,2025-09-12,0.14624428379540894,0.04643962848297214,550.2527258285796,0.15387777777777778,2025-09
CMP-1114,Instagram_Small_High-Value_Nov,Instagram,94346,10853,1270.98,170,47490.27,11134,High-Value,2025-11-16,0.11503402369999788,0.015663871740532572,36.36508048907142,7.47635294117647,2025-11
CMP-1115,Facebook_Large_Returning_Oct,Facebook,2289296,241193,47980.82,4808,364563.9,11252,Returning,2025-10-07,0.10535684332650737,0.019934243531114088,6.598117331050199,9.979371880199666,2025-10
CMP-1116,Facebook_Medium_New_Oct,Facebook,375688,33712,5673.09,628,71177.57,12711,New,2025-10-15,0.08973403462447563,0.018628381585192217,11.546525791059196,9.033582802547771,2025-10
CMP-1117,LinkedIn_Small_Low-Value_Oct,LinkedIn,14285,243,860.22,10,245.57,11695,Low-Value,2025-10-15,0.017010850542527125,0.0411522633744856,-0.7145265164725304,86.022,2025-10
CMP-1118,Email_Large_Low-Value_Nov,Email,1642950,215083,1555.31,8072,378606.28,10161,Low-Value,2025-11-27,0.13091268754374752,0.03752969783757898,242.42817830528966,0.1926796333002973,2025-11
CMP-1119,LinkedIn_Small_Low-Value_Oct,LinkedIn,25842,449,1210.94,19,403.3,12882,Low-Value,2025-10-31,0.017374816190697313,0.042316258351893093,-0.6669529456455316,63.73368421052632,2025-10
CMP-1120,Instagram_Large_Low-Value_Oct,Instagram,1018220,106400,16757.4,1333,31484.23,14474,Low-Value,2025-10-16,0.10449608139694762,0.012528195488721805,0.8788254741188966,12.57119279819955,2025-10
CMP-1121,LinkedIn_Small_Returning_Nov,LinkedIn,21024,397,1191.17,19,2261.75,12236,Returning,2025-11-02,0.018883181126331812,0.04785894206549118,0.8987634006900777,62.69315789473685,2025-11
CMP-1122,Email_Medium_Low-Value_Jul,Email,259169,40864,231.45,1361,62888.22,12754,Low-Value,2025-07-08,0.15767317850514528,0.03330559906029757,270.7140635126377,0.1700587803085966,2025-07
CMP-1123,Email_Small_Returning_Oct,Email,155100,21188,188.13,951,118709.5,14376,Returning,2025-10-28,0.136608639587363,0.04488389654521427,629.9971827991283,0.19782334384858044,2025-10
CMP-1124,Google Ads_Large_Low-Value_Nov,Google Ads,614405,23302,17380.84,694,26752.06,10223,Low-Value,2025-11-29,0.03792612364808229,0.0297828512574028,0.5391695683292638,25.04443804034582,2025-11
CMP-1125,Google Ads_Medium_Low-Value_Aug,Google Ads,195084,8575,4951.31,209,5762.78,11489,Low-Value,2025-08-04,0.04395542433003219,0.024373177842565596,0.1638899604347131,23.690478468899524,2025-08
CMP-1126,Google Ads_Medium_High-Value_Oct,Google Ads,357004,14346,7706.8,435,72242.97,11734,High-Value,2025-10-06,0.040184423703936094,0.030322040987034712,8.37392562412415,17.716781609195404,2025-10
CMP-1127,Email_Medium_High-Value_Sep,Email,565209,76047,557.93,2761,570402.24,12280,High-Value,2025-09-25,0.1345466898085487,0.03630649466777125,1021.3544889143799,0.20207533502354216,2025-09
CMP-1128,Email_Medium_High-Value_Jul,Email,200680,26627,216.06,991,166452.64,10159,High-Value,2025-07-21,0.132683874825593,0.037217861569084014,769.4000740535038,0.21802219979818366,2025-07
CMP-1129,LinkedIn_Small_New_Sep,LinkedIn,38090,816,1835.79,45,4492.99,10563,New,2025-09-28,0.021422945655027566,0.05514705882352941,1.4474422455727507,40.79533333333333,2025-09
CMP-1130,Google Ads_Small_New_Sep,Google Ads,25589,1059,630.38,34,3167.64,10167,New,2025-09-02,0.04138497010434171,0.03210576015108593,4.0249690662774835,18.540588235294116,2025-09
CMP-1131,LinkedIn_Small_Returning_Aug,LinkedIn,12631,238,691.37,12,1284.93,13880,Returning,2025-08-31,0.018842530282637954,0.05042016806722689,0.8585272719383255,57.61416666666667,2025-08
CMP-1132,Google Ads_Large_Returning_Oct,Google Ads,1158474,48299,24243.87,1296,77991.01,12100,Returning,2025-10-28,0.04169191539905082,0.026832853682270855,2.216937312401032,18.706689814814816,2025-10
CMP-1133,Instagram_Large_Returning_Dec,Instagram,965124,100095,16114.37,1313,103083.0,10939,Returning,2025-12-03,0.1037120618697701,0.013117538338578351,5.396961221568079,12.272939832444784,2025-12
CMP-1134,Facebook_Large_High-Value_Jul,Facebook,1090145,81639,16934.94,1648,348650.1,10211,High-Value,2025-07-28,0.07488820294547972,0.020186430505028233,19.587619442407235,10.276055825242718,2025-07
CMP-1135,Instagram_Large_Low-Value_Oct,Instagram,2776353,319550,49295.14,5693,261679.96,11625,Low-Value,2025-10-10,0.11509703557148533,0.017815678297606007,4.308433245143436,8.658903917091164,2025-10
CMP-1136,Google Ads_Large_Returning_Jul,Google Ads,1541980,53559,42682.88,1715,245137.98,12471,Returning,2025-07-27,0.03473391353973463,0.03202076215015217,4.743238975439334,24.887976676384838,2025-07
CMP-1137,LinkedIn_Small_New_Nov,LinkedIn,27467,500,1335.14,27,1855.02,12845,New,2025-11-22,0.018203662576910473,0.054,0.38938238686579674,49.449629629629634,2025-11
CMP-1138,LinkedIn_Medium_Low-Value_Dec,LinkedIn,89051,1786,4589.43,80,1875.61,10565,Low-Value,2025-12-17,0.020055923010409767,0.04479283314669653,-0.591319619211972,57.367875000000005,2025-12
CMP-1139,LinkedIn_Medium_High-Value_Jul,LinkedIn,126057,2603,6884.96,112,24883.15,14016,High-Value,2025-07-04,0.020649388768572946,0.043027276219746446,2.614131382026911,61.472857142857144,2025-07
CMP-1140,Google Ads_Large_Low-Value_Oct,Google Ads,1027670,38420,31303.58,984,21550.83,13767,Low-Value,2025-10-01,0.037385542051436745,0.025611660593440916,-0.3115538222784742,31.81258130081301,2025-10
CMP-1141,Facebook_Large_Low-Value_Aug,Facebook,2559667,258924,49598.41,4670,188878.53,14275,Low-Value,2025-08-15,0.10115534559768907,0.018036180500841947,2.808156955031421,10.620644539614561,2025-08
CMP-1142,Instagram_Medium_Low-Value_Oct,Instagram,559399,66364,8081.82,960,29247.41,14854,Low-Value,2025-10-28,0.1186344630576744,0.01446567416068953,2.6189138090182658,8.4185625,2025-10
CMP-1143,Instagram_Small_High-Value_Sep,Instagram,142987,20350,1894.29,259,67244.2,12285,High-Value,2025-09-01,0.14232063054683292,0.012727272727272728,34.49836614245971,7.313861003861004,2025-09
CMP-1144,Email_Large_Returning_Oct,Email,4147275,514219,4753.36,22552,2423151.76,15000,Returning,2025-10-27,0.1239896076339283,0.04385680031270723,508.77661275392563,0.21077332387371406,2025-10
CMP-1145,Email_Medium_High-Value_Jul,Email,747604,125385,873.46,4416,770805.7,12663,High-Value,2025-07-08,0.16771579606315642,0.03521952386649121,881.4739541593203,0.19779438405797103,2025-07
CMP-1146,Facebook_Medium_Low-Value_Aug,Facebook,207285,19888,3314.13,401,12336.73,12117,Low-Value,2025-08-24,0.09594519622741636,0.020162912308930008,2.722464115770956,8.264663341645885,2025-08
CMP-1147,Instagram_Large_High-Value_Nov,Instagram,2876549,388900,45088.02,5691,1175428.61,12264,High-Value,2025-11-30,0.13519672357397702,0.014633581897660067,25.069643554984232,7.922688455455982,2025-11
CMP-1148,LinkedIn_Small_New_Nov,LinkedIn,21983,483,1194.02,24,1757.31,10702,New,2025-11-10,0.02197152344993859,0.049689440993788817,0.4717592670139528,49.75083333333333,2025-11
CMP-1149,Facebook_Large_Low-Value_Nov,Facebook,2435965,223056,45982.98,5186,200838.95,11969,Low-Value,2025-11-03,0.09156781809262449,0.023249766874686176,3.367680172098459,8.866752795989202,2025-11
CMP-1150,Email_Small_Low-Value_Oct,Email,79416,12520,67.53,467,11291.2,10763,Low-Value,2025-10-23,0.1576508512138612,0.037300319488817894,166.2027247149415,0.14460385438972162,2025-10
CMP-1151,Instagram_Large_Returning_Oct,Instagram,2917783,354820,41761.01,6160,793775.88,11994,Returning,2025-10-12,0.12160602759012579,0.01736091539372076,18.007583389386415,6.779384740259741,2025-10
CMP-1152,Instagram_Large_High-Value_Oct,Instagram,990464,106898,16067.0,1759,272697.53,14350,High-Value,2025-10-30,0.10792719371930731,0.01645493835244813,15.972523184166306,9.134167140420693,2025-10
CMP-1153,Instagram_Medium_Low-Value_Nov,Instagram,483181,66719,6559.12,937,41825.54,12883,Low-Value,2025-11-18,0.13808283024373888,0.01404397547924879,5.376699923160424,7.000128068303095,2025-11
CMP-1154,Email_Medium_High-Value_Sep,Email,328486,41931,288.51,1608,433507.64,11889,High-Value,2025-09-17,0.12764927576822147,0.03834871574729914,1501.5740528924475,0.17942164179104478,2025-09
CMP-1155,Google Ads_Small_Returning_Sep,Google Ads,25854,1126,724.88,36,4108.13,14390,Returning,2025-09-19,0.04355225497021738,0.03197158081705151,4.667324246771879,20.135555555555555,2025-09
CMP-1156,Facebook_Large_Returning_Aug,Facebook,2133511,172952,37757.94,3245,221178.46,13967,Returning,2025-08-25,0.08106449884720539,0.018762431194782367,4.85779997531645,11.635728813559323,2025-08
CMP-1157,Instagram_Small_High-Value_Jul,Instagram,128320,14787,1862.68,218,63676.17,12427,High-Value,2025-07-26,0.11523534912718204,0.014742679380536958,33.18524384220585,8.54440366972477,2025-07
CMP-1158,Facebook_Medium_High-Value_Aug,Facebook,185450,16729,3226.81,349,53298.07,10116,High-Value,2025-08-15,0.09020760312752764,0.020861976208978422,15.517263179424882,9.245873925501433,2025-08
CMP-1159,LinkedIn_Small_Returning_Sep,LinkedIn,42414,870,1808.19,46,6543.5,10447,Returning,2025-09-09,0.020512095062950913,0.052873563218390804,2.6188121823480937,39.30847826086956,2025-09
CMP-1160,LinkedIn_Small_High-Value_Dec,LinkedIn,26878,553,1560.86,28,5981.35,14022,High-Value,2025-12-26,0.020574447503534488,0.05063291139240506,2.8320861576310503,55.745,2025-12
CMP-1161,Google Ads_Medium_New_Nov,Google Ads,370507,17343,7891.55,510,31275.14,13846,New,2025-11-24,0.046808832221793384,0.029406677045493858,2.9631175117689175,15.473627450980393,2025-11
CMP-1162,Email_Small_Low-Value_Sep,Email,224529,28622,197.73,1337,61631.54,10421,Low-Value,2025-09-26,0.12747573810064625,0.046712319195024804,310.6954432812421,0.14789080029917726,2025-09
CMP-1163,Instagram_Small_Low-Value_Jul,Instagram,88328,10171,1278.26,125,3756.99,13283,Low-Value,2025-07-30,0.11515034870029889,0.012289843673188477,1.9391438361522693,10.22608,2025-07
CMP-1164,Email_Large_New_Nov,Email,3376933,472804,4211.41,18141,1881939.36,10440,New,2025-11-25,0.1400098847089948,0.03836896472957082,445.8668118278677,0.2321487238851221,2025-11
CMP-1165,Facebook_Medium_Returning_Nov,Facebook,487979,41229,9358.84,902,85890.06,10698,Returning,2025-11-22,0.08448929154738216,0.021877804458027117,8.177425834825684,10.375654101995565,2025-11
CMP-1166,Facebook_Medium_New_Nov,Facebook,206922,15947,3796.84,277,27654.79,14967,New,2025-11-20,0.07706768734112371,0.017370038251708787,6.283633231845429,13.707003610108304,2025-11
CMP-1167,LinkedIn_Medium_Returning_Nov,LinkedIn,124788,2358,5351.4,121,13700.4,13691,Returning,2025-11-11,0.01889604769689393,0.05131467345207803,1.5601524834622718,44.22644628099173,2025-11
CMP-1168,Email_Medium_High-Value_Nov,Email,224243,29304,210.48,1388,239151.58,12502,High-Value,2025-11-28,0.13067966447113177,0.047365547365547364,1135.2199733941466,0.15164265129682997,2025-11
CMP-1169,LinkedIn_Large_New_Dec,LinkedIn,443511,10633,26584.96,532,58274.48,10813,New,2025-12-04,0.02397460265923506,0.050032916392363395,1.192009316545897,49.97172932330827,2025-12
CMP-1170,Facebook_Large_Returning_Sep,Facebook,775064,61661,12683.06,1429,100764.45,10666,Returning,2025-09-06,0.07955601085845813,0.02317510257699356,6.94480590646106,8.875479356193141,2025-09
CMP-1171,Facebook_Large_Returning_Aug,Facebook,797762,70996,17627.51,1456,82367.18,10615,Returning,2025-08-14,0.08899396060479191,0.020508197644937744,3.6726497389591612,12.106806318681318,2025-08
CMP-1172,Facebook_Medium_New_Oct,Facebook,447273,40647,8204.22,793,71430.51,14865,New,2025-10-13,0.09087738361135146,0.019509434890643836,7.7065571132904775,10.345800756620427,2025-10
CMP-1173,Email_Small_High-Value_Jul,Email,115474,15117,133.95,692,202006.78,12361,High-Value,2025-07-09,0.1309125863830819,0.04577627836210888,1507.0759985069055,0.1935693641618497,2025-07
CMP-1174,Instagram_Large_Low-Value_Jul,Instagram,1509734,191603,24932.37,2769,57488.84,11913,Low-Value,2025-07-19,0.1269117606147838,0.014451757018418292,1.3057912264257268,9.004106175514625,2025-07
CMP-1175,Instagram_Small_Returning_Oct,Instagram,53177,6786,734.23,82,5920.17,14462,Returning,2025-10-17,0.12761156138932245,0.012083701738874153,7.063100118491481,8.954024390243903,2025-10
CMP-1176,Facebook_Small_Returning_Sep,Facebook,50267,3654,846.61,61,7929.49,10585,Returning,2025-09-07,0.07269182565102353,0.016694033935413247,8.36616623947272,13.878852459016393,2025-09
CMP-1177,Google Ads_Large_Returning_Sep,Google Ads,727564,26054,17141.79,656,48752.1,14663,Returning,2025-09-17,0.03580990813179322,0.025178475474015506,1.8440495420839944,26.130777439024392,2025-09
CMP-1178,Instagram_Medium_Low-Value_Aug,Instagram,592319,80466,7778.14,1157,46329.24,12492,Low-Value,2025-08-01,0.13584909482896884,0.014378743817264434,4.95633917620408,6.722679343128782,2025-08
CMP-1179,Email_Large_High-Value_Nov,Email,1669353,290100,1819.94,9343,1521285.93,14046,High-Value,2025-11-06,0.17377990155467418,0.032206135815236125,834.8989472180401,0.19479182275500376,2025-11
CMP-1180,Email_Small_New_Dec,Email,65807,8613,81.18,355,32710.57,13540,New,2025-12-01,0.13088273283997143,0.041216765354696386,401.93877802414386,0.22867605633802818,2025-12
CMP-1181,Instagram_Small_High-Value_Jul,Instagram,138168,15531,1839.01,210,43460.31,11876,High-Value,2025-07-07,0.11240663540038215,0.013521344407958278,22.63244898070157,8.757190476190477,2025-07
CMP-1182,LinkedIn_Medium_New_Dec,LinkedIn,121973,2560,6722.36,123,12940.18,14721,New,2025-12-20,0.020988251498282408,0.048046875,0.9249460011067543,54.65333333333333,2025-12
CMP-1183,Google Ads_Large_Returning_Oct,Google Ads,1007548,47531,27445.06,1576,100881.84,13623,Returning,2025-10-29,0.04717492367609285,0.03315730786223728,2.6757740737313016,17.414378172588833,2025-10
CMP-1184,Instagram_Medium_Returning_Nov,Instagram,593517,82462,8947.74,1385,128142.07,14029,Returning,2025-11-27,0.1389378905743222,0.016795614949916327,13.32116601510549,6.460462093862816,2025-11
CMP-1185,Google Ads_Medium_Low-Value_Sep,Google Ads,79122,3217,2179.75,101,2801.4,12731,Low-Value,2025-09-28,0.04065872955688683,0.03139571028908921,0.2851932561073518,21.581683168316832,2025-09
CMP-1186,Instagram_Medium_New_Aug,Instagram,235476,33732,3114.85,511,34322.81,13373,New,2025-08-11,0.14325026754318912,0.015148820111466857,10.01908920172721,6.09559686888454,2025-08
CMP-1187,Email_Medium_High-Value_Dec,Email,337350,58988,417.85,1998,472481.99,14507,High-Value,2025-12-17,0.17485697346969023,0.03387129585678443,1129.7454588967332,0.20913413413413415,2025-12
CMP-1188,Google Ads_Medium_Low-Value_Jul,Google Ads,171331,7268,4192.44,246,6443.39,12068,Low-Value,2025-07-23,0.04242081117836235,0.033847000550357734,0.5369069086260032,17.04243902439024,2025-07
CMP-1189,Instagram_Large_New_Oct,Instagram,594899,82810,10439.83,1427,156600.85,10010,New,2025-10-12,0.13920009951269038,0.01723221833111943,14.000325675801236,7.315928521373511,2025-10
CMP-1190,LinkedIn_Small_Low-Value_Oct,LinkedIn,29864,519,1400.78,30,976.89,11537,Low-Value,2025-10-14,0.017378783819983926,0.057803468208092484,-0.3026099744428104,46.69266666666667,2025-10
CMP-1191,LinkedIn_Medium_High-Value_Dec,LinkedIn,102068,1671,5065.11,72,18770.76,13622,High-Value,2025-12-07,0.016371438648743974,0.04308797127468582,2.7058938502816323,70.34875,2025-12
CMP-1192,Google Ads_Large_Returning_Sep,Google Ads,554448,19918,13311.95,571,45034.41,11074,Returning,2025-09-07,0.03592401812252907,0.02866753690129531,2.3830062462674517,23.313397548161124,2025-09
CMP-1193,Instagram_Medium_Low-Value_Dec,Instagram,351328,38738,4845.38,596,20431.78,10995,Low-Value,2025-12-26,0.11026163585025958,0.015385409675254272,3.2167549294379385,8.1298322147651,2025-12
CMP-1194,Google Ads_Medium_Returning_Aug,Google Ads,343461,15016,7309.37,399,21194.21,14513,Returning,2025-08-10,0.0437196654059704,0.026571656899307405,1.8995946299065447,18.31922305764411,2025-08
CMP-1195,Google Ads_Small_Low-Value_Jul,Google Ads,37094,1217,893.4,36,1364.59,10930,Low-Value,2025-07-24,0.03280854046476519,0.029580936729663106,0.5274121334228788,24.816666666666666,2025-07
CMP-1196,Email_Small_New_Dec,Email,110987,14028,100.14,465,57110.78,14083,New,2025-12-13,0.12639318118338183,0.03314798973481608,569.309366886359,0.21535483870967742,2025-12
CMP-1197,Instagram_Medium_High-Value_Oct,Instagram,427558,49969,5963.93,673,183638.38,13869,High-Value,2025-10-15,0.11687069356672078,0.013468350377233885,29.7915049304737,8.861708766716196,2025-10
CMP-1198,Facebook_Small_Low-Value_Nov,Facebook,101747,8322,1699.12,172,5302.63,13143,Low-Value,2025-11-19,0.08179110932017651,0.020668108627733717,2.1208095955553468,9.87860465116279,2025-11
CMP-1199,Facebook_Medium_Returning_Jul,Facebook,177155,13627,2732.66,321,30366.79,13400,Returning,2025-07-18,0.07692134006943073,0.023556175240331694,10.11253869855745,8.512959501557631,2025-07
CMP-1200,Instagram_Medium_High-Value_Jul,Instagram,235960,32539,3481.06,533,144434.56,12446,High-Value,2025-07-01,0.13790049160874723,0.016380343587694766,40.49154567861513,6.531069418386491,2025-07
CMP-1201,LinkedIn_Medium_Low-Value_Aug,LinkedIn,156588,3569,7270.27,160,5549.24,14413,Low-Value,2025-08-08,0.022792295705928934,0.04483048472961614,-0.236721607313071,45.4391875,2025-08
CMP-1202,Email_Large_High-Value_Sep,Email,2252507,397890,1884.84,12983,3321522.37,14452,High-Value,2025-09-24,0.17664318024316905,0.032629621252104855,1761.2304121304728,0.14517753985981668,2025-09
CMP-1203,Email_Small_Low-Value_Sep,Email,164665,25371,188.79,1183,24864.74,11957,Low-Value,2025-09-21,0.1540764582637476,0.04662803988806117,130.70581068912549,0.15958579881656804,2025-09
CMP-1204,LinkedIn_Medium_Low-Value_Aug,LinkedIn,139299,3258,7579.36,193,9327.3,10358,Low-Value,2025-08-29,0.023388538324036784,0.05923879680785758,0.2306184163306664,39.27129533678756,2025-08
CMP-1205,Instagram_Medium_Low-Value_Dec,Instagram,442182,60374,5793.71,840,37688.67,13163,Low-Value,2025-12-28,0.13653653925306775,0.013913273925862127,5.505101221842308,6.89727380952381,2025-12
CMP-1206,Facebook_Small_Low-Value_Jul,Facebook,32050,2572,555.51,43,959.27,14115,Low-Value,2025-07-10,0.08024960998439938,0.01671850699844479,0.7268275998631888,12.918837209302325,2025-07
CMP-1207,LinkedIn_Medium_High-Value_Jul,LinkedIn,141708,3088,7570.31,127,25056.28,10817,High-Value,2025-07-26,0.021791289129759788,0.04112694300518135,2.3098089774394968,59.60874015748032,2025-07
CMP-1208,LinkedIn_Large_Low-Value_Jul,LinkedIn,705040,13078,31579.65,686,31953.42,11181,Low-Value,2025-07-04,0.018549302167252923,0.052454503746750265,0.011835786653746853,46.0344752186589,2025-07
CMP-1209,Email_Medium_Returning_Jul,Email,618699,75149,692.69,3450,179837.95,12172,Returning,2025-07-20,0.12146294078380603,0.04590879452820397,258.62255843162166,0.20077971014492754,2025-07
CMP-1210,Instagram_Small_Low-Value_Dec,Instagram,122201,17239,1812.05,289,14432.09,12692,Low-Value,2025-12-14,0.14107085866727767,0.016764313475259585,6.964509809331973,6.270069204152249,2025-12
CMP-1211,LinkedIn_Large_Low-Value_Sep,LinkedIn,531930,10221,24028.47,506,19645.53,13998,Low-Value,2025-09-20,0.019214934295865998,0.04950591918598963,-0.18240612073927312,47.48709486166008,2025-09
CMP-1212,LinkedIn_Small_New_Dec,LinkedIn,43221,957,1810.52,46,4238.24,11924,New,2025-12-06,0.022142014298604844,0.04806687565308255,1.340896538011179,39.35913043478261,2025-12
CMP-1213,Instagram_Medium_Returning_Jul,Instagram,471675,47781,7900.66,675,53138.63,10807,Returning,2025-07-24,0.10130068373350294,0.014126954228668298,5.725846954558227,11.704681481481481,2025-07
CMP-1214,Google Ads_Large_Low-Value_Aug,Google Ads,780952,25516,21852.32,617,30622.74,12454,Low-Value,2025-08-12,0.03267294276728915,0.024180906098134503,0.401349604984734,35.41705024311183,2025-08
CMP-1215,Google Ads_Small_New_Sep,Google Ads,43553,1867,1141.66,49,7104.81,12404,New,2025-09-22,0.04286731109223245,0.026245313336904125,5.223227580890984,23.29918367346939,2025-09
CMP-1216,Instagram_Small_High-Value_Oct,Instagram,93578,10859,1679.52,187,54549.73,12001,High-Value,2025-10-19,0.11604223214858193,0.017220738557878257,31.47935719729447,8.98139037433155,2025-10
CMP-1217,LinkedIn_Large_Low-Value_Nov,LinkedIn,599956,10401,28696.06,622,16762.99,11476,Low-Value,2025-11-22,0.017336271326563946,0.05980194212094991,-0.41584349907269497,46.135144694533764,2025-11
CMP-1218,Facebook_Large_Returning_Jul,Facebook,2809171,263720,47709.27,5301,387328.07,13134,Returning,2025-07-21,0.09387822955597933,0.02010086455331412,7.118507577248614,9.000050933786078,2025-07
CMP-1219,LinkedIn_Large_Returning_Nov,LinkedIn,303071,5301,17061.12,294,24993.68,11173,Returning,2025-11-05,0.017490950965285364,0.055461233729485006,0.4649495461024834,58.031020408163265,2025-11
CMP-1220,Facebook_Medium_Low-Value_Dec,Facebook,162491,16869,2462.74,395,19689.66,13765,Low-Value,2025-12-11,0.10381498052199814,0.02341573300136345,6.995021804981444,6.234784810126582,2025-12
CMP-1221,Instagram_Medium_New_Oct,Instagram,216694,28689,3391.16,464,30340.77,14478,New,2025-10-28,0.13239406720998273,0.01617344626860469,7.9470181294896145,7.3085344827586205,2025-10
CMP-1222,Facebook_Medium_New_Oct,Facebook,421490,33743,8526.66,684,74757.09,14814,New,2025-10-22,0.08005646634558353,0.020270870995465727,7.76745290653081,12.465877192982456,2025-10
CMP-1223,Instagram_Medium_Low-Value_Dec,Instagram,370371,51154,6640.69,695,16600.39,13743,Low-Value,2025-12-24,0.13811556520353915,0.013586425303984049,1.499798966673644,9.55494964028777,2025-12
CMP-1224,Instagram_Medium_Returning_Oct,Instagram,718025,98643,9109.98,1662,192001.22,10874,Returning,2025-10-07,0.13738101041050102,0.016848635990389587,20.07592113264793,5.481335740072202,2025-10
CMP-1225,Facebook_Medium_Low-Value_Nov,Facebook,297133,25762,6406.86,489,13590.59,14709,Low-Value,2025-11-24,0.08670191463082189,0.018981445539942552,1.1212559662611639,13.101963190184048,2025-11
CMP-1226,Instagram_Large_High-Value_Jul,Instagram,2591504,258865,38936.8,3448,870581.43,13243,High-Value,2025-07-06,0.09988987090122184,0.013319684005176443,21.358833545643193,11.292575406032483,2025-07
CMP-1227,Instagram_Large_New_Nov,Instagram,991857,118791,13045.23,1768,193137.7,10402,New,2025-11-22,0.11976625662771952,0.014883282403549091,13.805235323562712,7.378523755656109,2025-11
CMP-1228,LinkedIn_Small_Low-Value_Sep,LinkedIn,32625,698,1737.02,35,980.38,14974,Low-Value,2025-09-12,0.02139463601532567,0.050143266475644696,-0.43559659646981613,49.62914285714286,2025-09
CMP-1229,Instagram_Small_Returning_Dec,Instagram,135615,17305,1817.94,295,40335.18,12054,Returning,2025-12-10,0.12760387862699554,0.01704709621496677,21.187299910888147,6.1625084745762715,2025-12
CMP-1230,Facebook_Large_New_Dec,Facebook,2416789,234691,38334.52,5032,562885.25,10323,New,2025-12-08,0.09710860153699806,0.021440958536969888,13.683508493128388,7.6181478537360885,2025-12
CMP-1231,Instagram_Large_Low-Value_Jul,Instagram,2308767,319260,40108.67,5501,114846.68,12989,Low-Value,2025-07-09,0.13828160225782854,0.01723047046294556,1.863387890947269,7.291159789129249,2025-07
CMP-1232,Facebook_Medium_New_Sep,Facebook,407159,34227,8606.53,751,49623.07,13404,New,2025-09-14,0.08406298276594647,0.02194174189966985,4.765746473898307,11.460093209054595,2025-09
CMP-1233,Facebook_Large_Returning_Aug,Facebook,2688556,242692,42718.68,3895,306551.35,12998,Returning,2025-08-03,0.09026853076521374,0.016049148715244013,6.176049213131117,10.967568677792041,2025-08
CMP-1234,LinkedIn_Medium_High-Value_Aug,LinkedIn,165406,3482,6935.42,157,38480.83,13948,High-Value,2025-08-12,0.02105123151518083,0.045089029293509476,4.548449841538076,44.17464968152866,2025-08
CMP-1235,Instagram_Medium_High-Value_Jul,Instagram,468487,47380,6319.88,784,181252.95,10617,High-Value,2025-07-30,0.10113407629240513,0.0165470662726889,27.679808793837857,8.061071428571429,2025-07
CMP-1236,Facebook_Large_Returning_Dec,Facebook,2525041,239309,48519.68,5613,338188.71,13256,Returning,2025-12-21,0.09477430267468924,0.023455030943257463,5.970134798910463,8.644161767325851,2025-12
CMP-1237,LinkedIn_Medium_High-Value_Jul,LinkedIn,204232,3378,9497.83,155,39715.0,10115,High-Value,2025-07-24,0.01654001331818716,0.04588513913558318,3.181481454184798,61.276322580645164,2025-07
CMP-1238,Instagram_Medium_New_Oct,Instagram,174816,19684,2538.8,309,16863.43,12148,New,2025-10-25,0.11259838916346329,0.01569802885592359,5.642283756105247,8.216181229773463,2025-10
CMP-1239,LinkedIn_Medium_Low-Value_Dec,LinkedIn,213432,5069,8972.29,278,6644.92,10888,Low-Value,2025-12-11,0.023749953146669667,0.05484316433221543,-0.25939531602299976,32.27442446043166,2025-12
CMP-1240,Facebook_Large_Low-Value_Jul,Facebook,1814503,132089,40330.53,2455,85088.57,14600,Low-Value,2025-07-07,0.07279624227681078,0.0185859534102007,1.109780605412327,16.42791446028513,2025-07
CMP-1241,Instagram_Small_Returning_Dec,Instagram,118466,13908,1655.61,189,28295.65,13804,Returning,2025-12-13,0.11740077321763207,0.013589301121656601,16.09077016930316,8.759841269841269,2025-12
CMP-1242,Instagram_Small_Low-Value_Jul,Instagram,74474,7734,1139.27,129,5264.55,10372,Low-Value,2025-07-30,0.10384832290463786,0.016679596586501165,3.620985367823256,8.831550387596899,2025-07
CMP-1243,Google Ads_Small_High-Value_Nov,Google Ads,27692,1187,831.15,37,7066.59,10797,High-Value,2025-11-04,0.04286436515961289,0.031171019376579612,7.502183721349938,22.46351351351351,2025-11
CMP-1244,Facebook_Medium_Returning_Oct,Facebook,459222,40211,9606.91,946,87006.2,13040,Returning,2025-10-08,0.08756331360431338,0.023525900872895477,8.05662694872753,10.155295983086681,2025-10
CMP-1245,LinkedIn_Large_Low-Value_Nov,LinkedIn,681703,12402,35541.04,740,23887.21,11266,Low-Value,2025-11-28,0.018192673348951083,0.05966779551685212,-0.32789783304033876,48.02843243243243,2025-11
CMP-1246,Email_Large_New_Nov,Email,4082062,542041,4576.4,17615,2028661.11,13344,New,2025-11-03,0.1327860772325359,0.03249754169887518,442.2875426099118,0.25980130570536475,2025-11
CMP-1247,Instagram_Medium_New_Dec,Instagram,377958,44868,4948.21,799,54773.49,11780,New,2025-12-24,0.11871160287651009,0.017807791744673264,10.0693543725913,6.1930037546933665,2025-12
CMP-1248,Email_Medium_Low-Value_Aug,Email,993908,165242,894.9,7521,322129.84,10814,Low-Value,2025-08-30,0.16625482439018502,0.045515062756442064,358.961828137222,0.11898683685680095,2025-08
CMP-1249,Instagram_Medium_High-Value_Jul,Instagram,398387,38867,7009.76,681,165140.83,12261,High-Value,2025-07-16,0.09756091438726665,0.01752129055496951,22.558699584579212,10.293333333333333,2025-07
CMP-1250,Facebook_Small_New_Oct,Facebook,93459,7123,1694.81,121,14345.34,11738,New,2025-10-25,0.07621523876780192,0.016987224484065703,7.46427623155398,14.006694214876033,2025-10
CMP-1251,LinkedIn_Medium_New_Jul,LinkedIn,95809,1909,5442.45,78,8439.38,11996,New,2025-07-13,0.01992505923243119,0.040859088528025146,0.5506582513390108,69.77499999999999,2025-07
CMP-1252,Facebook_Large_Returning_Jul,Facebook,1290590,107342,20759.74,2108,107849.61,11698,Returning,2025-07-18,0.08317281243462292,0.01963816586238378,4.195132983361063,9.848074003795068,2025-07
CMP-1253,LinkedIn_Medium_Returning_Aug,LinkedIn,49372,979,2579.58,50,3958.31,11209,Returning,2025-08-29,0.01982905290448027,0.05107252298263534,0.5344784809930299,51.5916,2025-08
CMP-1254,LinkedIn_Small_New_Sep,LinkedIn,35293,784,1542.47,31,3039.57,11065,New,2025-09-09,0.0222140367778313,0.039540816326530615,0.9705861378179155,49.75709677419355,2025-09
CMP-1255,LinkedIn_Small_High-Value_Aug,LinkedIn,11791,281,657.4,12,2698.0,10212,High-Value,2025-08-14,0.02383173606988381,0.042704626334519574,3.1040462427745665,54.78333333333333,2025-08
CMP-1256,Facebook_Small_New_Sep,Facebook,85712,7898,1427.23,126,10413.41,14824,New,2025-09-30,0.09214579055441478,0.015953405925550772,6.296238167639413,11.327222222222222,2025-09
CMP-1257,Instagram_Medium_New_Aug,Instagram,341947,38581,6141.69,470,27193.19,10430,New,2025-08-14,0.11282742647252351,0.012182162204193775,3.4276396236215114,13.067425531914893,2025-08
CMP-1258,Facebook_Small_Low-Value_Nov,Facebook,51914,4798,1095.38,103,4533.81,10521,Low-Value,2025-11-12,0.09242208267519358,0.021467278032513547,3.139029377932772,10.6347572815534,2025-11
CMP-1259,Email_Large_Low-Value_Oct,Email,1561108,197127,1800.6,8315,342530.37,14864,Low-Value,2025-10-01,0.12627377478047644,0.04218092904574208,189.2312395868044,0.21654840649428742,2025-10
CMP-1260,Google Ads_Small_Low-Value_Nov,Google Ads,25715,844,547.38,25,1031.8,10356,Low-Value,2025-11-06,0.03282131051915225,0.02962085308056872,0.8849793562059264,21.8952,2025-11
CMP-1261,LinkedIn_Large_High-Value_Oct,LinkedIn,973570,21821,44838.76,1020,277668.24,10256,High-Value,2025-10-26,0.022413385786332774,0.046743962238210895,5.192594086009514,43.959568627450984,2025-10
CMP-1262,Google Ads_Medium_Low-Value_Oct,Google Ads,122319,4985,2640.92,168,5639.68,10885,Low-Value,2025-10-11,0.04075409380390618,0.033701103309929786,1.1354982354633991,15.719761904761905,2025-10
CMP-1263,Email_Small_Low-Value_Jul,Email,148084,24270,146.54,808,17622.93,12639,Low-Value,2025-07-19,0.163893465870722,0.033292130201895344,119.26020199263,0.18136138613861386,2025-07
CMP-1264,LinkedIn_Small_Returning_Jul,LinkedIn,15041,345,870.65,15,2213.8,12253,Returning,2025-07-17,0.02293730470048534,0.043478260869565216,1.54269798426463,58.04333333333333,2025-07
CMP-1265,LinkedIn_Large_High-Value_Oct,LinkedIn,409816,9146,23475.83,486,109218.47,14347,High-Value,2025-10-06,0.02231733265660687,0.05313798381806254,3.6523794898838506,48.30417695473251,2025-10
CMP-1266,Instagram_Large_Low-Value_Nov,Instagram,2335942,249865,32214.54,4492,221203.13,13525,Low-Value,2025-11-07,0.10696541266863646,0.017977707962299642,5.8665618071839605,7.1715360641139805,2025-11
CMP-1267,Google Ads_Large_New_Dec,Google Ads,1267394,54350,36013.03,1351,71691.15,14517,New,2025-12-15,0.04288327071139677,0.02485740570377185,0.9907003104154245,26.656572908956328,2025-12
CMP-1268,Facebook_Small_Low-Value_Oct,Facebook,48515,5009,886.52,109,4608.65,13390,Low-Value,2025-10-24,0.10324641863341234,0.021760830505090836,4.198585480305012,8.133211009174312,2025-10
CMP-1269,Instagram_Medium_Low-Value_Oct,Instagram,338061,38474,5403.95,689,14609.06,10779,Low-Value,2025-10-11,0.11380786307796521,0.017908197743930966,1.703403991524718,7.8431785195936135,2025-10
CMP-1270,Instagram_Large_Low-Value_Sep,Instagram,3072492,359646,44681.26,5880,203448.4,12089,Low-Value,2025-09-19,0.11705351877238411,0.01634941025341586,3.553327278595097,7.598853741496599,2025-09
CMP-1271,Instagram_Medium_Returning_Dec,Instagram,695192,80810,8987.39,1103,120486.24,10550,Returning,2025-12-23,0.11624126859917835,0.013649300829105308,12.406143496610252,8.148132366273797,2025-12
CMP-1272,Google Ads_Medium_New_Jul,Google Ads,328907,13803,9298.91,435,53640.42,10792,New,2025-07-24,0.04196627010066675,0.031514888067811345,4.768463185470124,21.37680459770115,2025-07
CMP-1273,Instagram_Small_Returning_Nov,Instagram,50503,7051,697.35,92,6785.4,14805,Returning,2025-11-20,0.13961546838801656,0.01304779463905829,8.730264573026457,7.579891304347826,2025-11
CMP-1274,LinkedIn_Small_High-Value_Dec,LinkedIn,34146,779,1957.09,38,7109.22,13366,High-Value,2025-12-19,0.022813799566567095,0.04878048780487805,2.63254628044699,51.50236842105263,2025-12
CMP-1275,Instagram_Medium_Low-Value_Jul,Instagram,584656,70574,8966.0,999,37750.74,14919,Low-Value,2025-07-14,0.12071029802140062,0.01415535466319041,3.210432745929065,8.974974974974975,2025-07
CMP-1276,Instagram_Large_High-Value_Jul,Instagram,1054687,150326,16540.95,2036,505967.38,14157,High-Value,2025-07-27,0.1425313860889534,0.013543897928502056,29.588773921691317,8.124238703339882,2025-07
CMP-1277,Facebook_Medium_Returning_Dec,Facebook,283604,21755,4601.52,516,49215.54,11838,Returning,2025-12-16,0.07670907321476425,0.02371868535968743,9.695496270797475,8.917674418604651,2025-12
CMP-1278,Google Ads_Medium_High-Value_Nov,Google Ads,129001,4478,3888.4,135,27074.31,10942,High-Value,2025-11-20,0.03471290920225425,0.030147387226440375,5.962840757123753,28.802962962962965,2025-11
CMP-1279,Instagram_Large_Returning_Oct,Instagram,2797487,301955,43155.33,4741,572133.08,14561,Returning,2025-10-18,0.10793794573486848,0.01570101505191171,12.257529950529864,9.102579624551783,2025-10
CMP-1280,Google Ads_Small_High-Value_Jul,Google Ads,26030,848,750.56,27,6738.41,12239,High-Value,2025-07-08,0.032577794852093736,0.031839622641509434,7.9778432104029005,27.798518518518517,2025-07
CMP-1281,Instagram_Small_High-Value_Sep,Instagram,91919,12378,1211.95,192,53806.21,11487,High-Value,2025-09-28,0.1346620394042581,0.015511391177896268,43.3963942406865,6.312239583333334,2025-09
CMP-1282,Facebook_Small_Low-Value_Jul,Facebook,37956,3101,808.76,51,1832.69,10252,Low-Value,2025-07-18,0.08169986299926231,0.016446307642695904,1.2660492605964688,15.858039215686274,2025-07
CMP-1283,Google Ads_Medium_Returning_Oct,Google Ads,309746,10517,9492.85,309,44306.74,13717,Returning,2025-10-05,0.03395362651979364,0.02938100218693544,3.6673801861400945,30.72119741100324,2025-10
CMP-1284,Instagram_Medium_Returning_Oct,Instagram,302823,29675,4529.25,382,56789.27,12658,Returning,2025-10-03,0.09799453806348923,0.01287278854254423,11.538338577027101,11.856675392670157,2025-10
CMP-1285,LinkedIn_Small_New_Jul,LinkedIn,31239,737,1947.68,38,5198.09,11290,New,2025-07-14,0.023592304491180896,0.051560379918588875,1.6688624414688242,51.25473684210527,2025-07
CMP-1286,LinkedIn_Small_New_Dec,LinkedIn,23789,473,1182.11,25,1599.13,12230,New,2025-12-20,0.019883139266047335,0.052854122621564484,0.3527759683954964,47.2844,2025-12
CMP-1287,Email_Large_Low-Value_Nov,Email,1033855,167774,1119.89,5910,237599.57,13622,Low-Value,2025-11-02,0.16228001025288846,0.03522595873019657,211.16331068229914,0.18949069373942473,2025-11
CMP-1288,Email_Large_High-Value_Aug,Email,4086999,655375,4879.65,25625,7180671.79,10933,High-Value,2025-08-25,0.16035604608662737,0.03909975205035285,1470.5546791265767,0.19042536585365852,2025-08
CMP-1289,Instagram_Medium_Low-Value_Jul,Instagram,245366,33426,3417.2,590,23893.49,14859,Low-Value,2025-07-29,0.13622914340210135,0.017650930413450606,5.992125131686762,5.791864406779661,2025-07
CMP-1290,Email_Small_High-Value_Jul,Email,130448,22454,124.58,923,142657.09,13238,High-Value,2025-07-12,0.17212989083772845,0.04110626169056738,1144.1042703483706,0.13497291440953413,2025-07
CMP-1291,LinkedIn_Small_New_Jul,LinkedIn,40803,873,1896.42,38,4403.76,12470,New,2025-07-02,0.021395485626056907,0.043528064146620846,1.3221438288986618,49.905789473684216,2025-07
CMP-1292,Facebook_Medium_Returning_Sep,Facebook,303472,23014,5150.92,489,73321.33,12688,Returning,2025-09-04,0.07583566193915749,0.021247936038932824,13.234608574778875,10.53357873210634,2025-09
CMP-1293,Google Ads_Large_New_Nov,Google Ads,568210,21882,11928.48,753,96563.63,13528,New,2025-11-05,0.03851040988366977,0.03441184535234439,7.095216657948038,15.841274900398405,2025-11
CMP-1294,Facebook_Large_Returning_Oct,Facebook,1988762,206088,32680.65,3963,327753.24,11886,Returning,2025-10-06,0.1036262760450974,0.019229649470129267,9.028969436042427,8.246442089326269,2025-10
CMP-1295,LinkedIn_Medium_High-Value_Jul,LinkedIn,164893,3643,7340.75,203,43713.51,10347,High-Value,2025-07-19,0.02209311492907522,0.05572330496843261,4.954910601777748,36.16133004926108,2025-07
CMP-1296,Email_Small_New_Oct,Email,146442,22357,172.68,717,59122.8,12565,New,2025-10-26,0.15266795045137324,0.03207049246321063,341.3835997220292,0.240836820083682,2025-10
CMP-1297,LinkedIn_Medium_Low-Value_Nov,LinkedIn,94537,2038,4931.69,97,3245.7,13422,Low-Value,2025-11-24,0.021557696986365126,0.04759568204121688,-0.3418686089352737,50.84216494845361,2025-11
CMP-1298,Instagram_Small_New_Oct,Instagram,54193,5793,856.32,72,7944.83,12661,New,2025-10-12,0.10689572454006975,0.012428793371310202,8.277875093423019,11.893333333333334,2025-10
CMP-1299,Facebook_Medium_Low-Value_Dec,Facebook,427599,37921,7345.7,721,33093.91,10722,Low-Value,2025-12-24,0.08868355632262938,0.019013211676907255,3.505208489320283,10.188210818307905,2025-12
CMP-1300,Email_Medium_New_Sep,Email,610141,74155,615.27,2777,244430.32,14825,New,2025-09-01,0.12153748068069511,0.03744858741824557,396.27326214507457,0.22155923658624413,2025-09
CMP-1301,Email_Medium_New_Oct,Email,535703,81435,519.06,3397,429680.84,12782,New,2025-10-10,0.15201520245359837,0.04171425062933628,826.8057257349826,0.15279952899617308,2025-10
CMP-1302,Facebook_Small_High-Value_Aug,Facebook,103861,11050,1719.48,178,31927.27,14182,High-Value,2025-08-13,0.10639219726365046,0.016108597285067874,17.567979854374578,9.66,2025-08
CMP-1303,Google Ads_Medium_Returning_Sep,Google Ads,87282,4047,2060.5,108,15411.97,11210,Returning,2025-09-28,0.04636694851172063,0.026686434395848776,6.479723368114535,19.078703703703702,2025-09
CMP-1304,Facebook_Medium_New_Aug,Facebook,161859,13702,2482.14,230,22675.05,11617,New,2025-08-07,0.08465392718353629,0.01678587067581375,8.13528245787909,10.79191304347826,2025-08
CMP-1305,Facebook_Small_Returning_Dec,Facebook,44944,3733,885.16,83,8625.04,11452,Returning,2025-12-15,0.08305891776432894,0.022234128047147066,8.744046274119935,10.664578313253012,2025-12
CMP-1306,Email_Large_Low-Value_Nov,Email,2344320,382051,2245.23,13892,450190.72,13678,Low-Value,2025-11-22,0.16296879265629266,0.036361637582417006,199.50984531651545,0.16162035704002303,2025-11
CMP-1307,LinkedIn_Medium_High-Value_Dec,LinkedIn,51912,1113,2975.09,48,10981.18,11237,High-Value,2025-12-08,0.021440129449838186,0.0431266846361186,2.6910412794234797,61.98104166666667,2025-12
CMP-1308,Email_Medium_New_Oct,Email,646589,99599,767.24,3596,526068.5,12481,New,2025-10-29,0.15403757255381703,0.036104780168475584,684.6635472603097,0.21335928809788654,2025-10
CMP-1309,Instagram_Large_New_Sep,Instagram,2195545,268758,29341.83,3295,373373.38,10608,New,2025-09-29,0.12241060875545708,0.012260100164460221,11.724952056500905,8.904955993930198,2025-09
CMP-1310,Instagram_Small_Low-Value_Oct,Instagram,133695,18091,1927.11,313,8401.67,10467,Low-Value,2025-10-24,0.13531545682336663,0.0173014205958764,3.3597251843433953,6.156900958466453,2025-10
CMP-1311,Instagram_Large_High-Value_Jul,Instagram,1286816,148922,18481.79,2537,723053.8,10740,High-Value,2025-07-20,0.11572905528063064,0.01703576368837378,38.122498416008405,7.28489948758376,2025-07
CMP-1312,LinkedIn_Large_Low-Value_Oct,LinkedIn,431928,9607,24136.86,437,19524.47,14541,Low-Value,2025-10-27,0.02224213294808394,0.04548766524409285,-0.19109320765004228,55.23308924485126,2025-10
CMP-1313,Google Ads_Large_Low-Value_Nov,Google Ads,1150227,38565,26949.53,1214,40733.38,11543,Low-Value,2025-11-24,0.03352816444058434,0.03147932062751199,0.5114690311853305,22.198953871499175,2025-11
CMP-1314,Instagram_Small_Low-Value_Nov,Instagram,79777,10480,1379.91,180,4770.39,10507,Low-Value,2025-11-06,0.1313661832357697,0.01717557251908397,2.457029806291715,7.666166666666667,2025-11
CMP-1315,Email_Large_New_Sep,Email,1119362,177439,1382.86,7401,774660.76,10691,New,2025-09-26,0.15851797720487207,0.0417101088261318,559.1874087037011,0.18684772328063773,2025-09
CMP-1316,LinkedIn_Small_Returning_Jul,LinkedIn,16218,336,847.92,16,2380.46,13587,Returning,2025-07-11,0.020717721050684423,0.047619047619047616,1.8074110765166524,52.995,2025-07
CMP-1317,Email_Medium_Returning_Oct,Email,333283,48079,309.15,1867,227325.5,12318,Returning,2025-10-02,0.1442587830762445,0.038831922460949686,734.3242762413068,0.16558650241028386,2025-10
CMP-1318,Email_Large_Low-Value_Sep,Email,4510508,576008,3769.74,19391,809189.62,14898,Low-Value,2025-09-25,0.12770357573914068,0.03366446299356953,213.65396022006823,0.1944066835129699,2025-09
CMP-1319,Google Ads_Medium_High-Value_Jul,Google Ads,241137,8022,6627.1,200,56825.73,10775,High-Value,2025-07-17,0.03326739571281056,0.024931438544003988,7.574750645078542,33.1355,2025-07
CMP-1320,LinkedIn_Medium_Low-Value_Sep,LinkedIn,65703,1170,3534.94,55,1214.55,14938,Low-Value,2025-09-11,0.017807406054518058,0.04700854700854701,-0.6564156675926608,64.27163636363636,2025-09
CMP-1321,Facebook_Large_High-Value_Jul,Facebook,1413437,142492,30762.39,2546,588130.55,11159,High-Value,2025-07-21,0.10081241682508665,0.01786766976391657,18.11849339404383,12.082635506677141,2025-07
CMP-1322,Instagram_Large_High-Value_Dec,Instagram,3195414,388504,45203.16,5418,1083330.65,13211,High-Value,2025-12-15,0.12158174183376552,0.013945802359821263,22.96581677033198,8.343145071982281,2025-12
CMP-1323,Facebook_Large_New_Sep,Facebook,2447175,234503,36779.48,4798,590466.11,13086,New,2025-09-18,0.09582600345296106,0.020460292618857755,15.054226704673365,7.6655856606919555,2025-09
CMP-1324,Instagram_Large_Returning_Dec,Instagram,1571653,193297,28608.22,3430,231628.91,14313,Returning,2025-12-19,0.12298961666474724,0.01774471409282089,7.096585876367002,8.3405889212828,2025-12
CMP-1325,Google Ads_Medium_Low-Value_Nov,Google Ads,264817,10744,7520.04,270,9048.0,10150,Low-Value,2025-11-08,0.04057141346665811,0.02513030528667163,0.20318508944101363,27.852,2025-11
CMP-1326,Instagram_Small_High-Value_Aug,Instagram,102306,13086,1634.24,219,63307.79,12800,High-Value,2025-08-16,0.12791038648759603,0.016735442457588262,37.738367681613475,7.462283105022831,2025-08
CMP-1327,Email_Small_Returning_Aug,Email,81765,10559,85.2,505,72063.55,11270,Returning,2025-08-27,0.12913838439430075,0.04782649872146984,844.8163145539907,0.16871287128712872,2025-08
CMP-1328,Google Ads_Large_High-Value_Jul,Google Ads,1436854,57955,31598.29,1824,297984.44,14422,High-Value,2025-07-26,0.040334647779106295,0.03147269433180916,8.430397657594762,17.32362390350877,2025-07
CMP-1329,LinkedIn_Medium_New_Dec,LinkedIn,136891,3094,8042.16,172,20790.41,11074,New,2025-12-17,0.022601924158637165,0.055591467356173235,1.5851773652849483,46.75674418604651,2025-12
CMP-1330,LinkedIn_Small_Low-Value_Aug,LinkedIn,10211,184,554.24,8,181.03,11482,Low-Value,2025-08-09,0.01801978258740574,0.043478260869565216,-0.6733725461893765,69.28,2025-08
CMP-1331,LinkedIn_Small_Returning_Oct,LinkedIn,38928,717,1905.44,34,3220.49,13366,Returning,2025-10-21,0.01841861898890259,0.04741980474198047,0.6901555546225542,56.042352941176475,2025-10
CMP-1332,Instagram_Large_Returning_Oct,Instagram,2282477,319845,34023.77,4791,714892.9,12335,Returning,2025-10-22,0.14013065630015112,0.014979130516343853,20.011572203785768,7.101600918388645,2025-10
CMP-1333,Email_Small_Returning_Nov,Email,156993,27604,177.71,934,123049.8,12536,Returning,2025-11-14,0.1758294955826056,0.0338356759889871,691.4191097856057,0.1902676659528908,2025-11
CMP-1334,Email_Large_Returning_Oct,Email,2903868,499707,2522.49,22434,2894054.28,14673,Returning,2025-10-03,0.17208323518837634,0.04489430806452581,1146.3005958398248,0.11244049211018987,2025-10
CMP-1335,Email_Medium_Low-Value_Sep,Email,369357,53253,443.74,1851,75610.63,14120,Low-Value,2025-09-11,0.1441775842883714,0.03475860514900569,169.393991977284,0.2397298757428417,2025-09
CMP-1336,LinkedIn_Small_Low-Value_Aug,LinkedIn,24260,512,1019.15,28,671.32,14954,Low-Value,2025-08-11,0.021104699093157462,0.0546875,-0.3412942157680419,36.39821428571428,2025-08
CMP-1337,Facebook_Large_High-Value_Jul,Facebook,2889020,258666,44480.58,5393,1427642.89,13937,High-Value,2025-07-14,0.08953416729548429,0.020849280539382835,31.095869478320648,8.24783608381235,2025-07
CMP-1338,Instagram_Small_New_Nov,Instagram,50869,5856,762.26,75,6506.51,12336,New,2025-11-10,0.11511922782048006,0.012807377049180328,7.535814551465379,10.163466666666666,2025-11
CMP-1339,Google Ads_Medium_Returning_Sep,Google Ads,82503,2818,2545.38,100,10495.3,14206,Returning,2025-09-08,0.034156333709077245,0.035486160397444996,3.1232743244623586,25.4538,2025-09
CMP-1340,Facebook_Small_Low-Value_Jul,Facebook,105339,8766,1948.73,175,5807.44,13696,Low-Value,2025-07-24,0.0832170421211517,0.01996349532283824,1.9801152545503993,11.1356,2025-07
CMP-1341,Instagram_Small_New_Oct,Instagram,46372,4932,658.5,77,8856.55,13248,New,2025-10-15,0.10635728456827395,0.015612327656123276,12.44958238420653,8.551948051948052,2025-10
CMP-1342,LinkedIn_Medium_High-Value_Aug,LinkedIn,53037,1179,3216.2,58,9206.03,10669,High-Value,2025-08-30,0.022229764126930257,0.04919423240033927,1.8623935078664267,55.45172413793103,2025-08
CMP-1343,Instagram_Medium_Returning_Jul,Instagram,546487,70694,9958.93,1265,93506.28,10812,Returning,2025-07-08,0.12936080821684687,0.01789402212351826,8.389189400869371,7.872671936758893,2025-07
CMP-1344,Instagram_Small_Returning_Aug,Instagram,40355,4461,713.37,56,6676.1,12351,Returning,2025-08-05,0.11054392268616033,0.012553239184039453,8.358537645261226,12.73875,2025-08
CMP-1345,Email_Medium_Returning_Dec,Email,250775,45089,249.83,2030,226389.55,13675,Returning,2025-12-28,0.1797986242647792,0.045022067466566125,905.1743985910418,0.12306896551724139,2025-12
CMP-1346,LinkedIn_Small_New_Jul,LinkedIn,20138,407,959.38,19,1198.35,12097,New,2025-07-21,0.02021054722415334,0.04668304668304668,0.2490879526360774,50.49368421052632,2025-07
CMP-1347,Facebook_Large_Returning_Nov,Facebook,2475053,195545,45464.17,3704,338593.66,14988,Returning,2025-11-18,0.07900638895409512,0.01894193152471298,6.4474835898246905,12.2743439524838,2025-11
CMP-1348,LinkedIn_Medium_Low-Value_Jul,LinkedIn,188516,4176,8620.3,167,5424.93,11947,Low-Value,2025-07-29,0.02215196588088014,0.039990421455938695,-0.3706796747212973,51.618562874251495,2025-07
CMP-1349,Instagram_Small_New_Jul,Instagram,65799,7137,1222.02,118,7517.89,13440,New,2025-07-13,0.1084666940227055,0.016533557517164076,5.1520187885632,10.356101694915255,2025-07
CMP-1350,LinkedIn_Small_Low-Value_Jul,LinkedIn,23090,371,1302.97,16,788.42,14095,Low-Value,2025-07-17,0.016067561715028152,0.0431266846361186,-0.3949054851608249,81.435625,2025-07
CMP-1351,LinkedIn_Large_New_Dec,LinkedIn,995873,19820,42061.48,836,87609.41,14711,New,2025-12-09,0.0199021361157497,0.042179616548940466,1.0828893800218156,50.31277511961723,2025-12
CMP-1352,Facebook_Medium_Returning_Sep,Facebook,356177,26902,5635.02,535,34777.6,10013,Returning,2025-09-13,0.07552986296139279,0.019886997249275146,5.17169060624452,10.532747663551403,2025-09
CMP-1353,LinkedIn_Large_High-Value_Aug,LinkedIn,503389,9971,22987.04,473,98938.09,13413,High-Value,2025-08-31,0.019807743117151944,0.04743756894995487,3.3040813432264433,48.59839323467231,2025-08
CMP-1354,Facebook_Medium_New_Nov,Facebook,351257,36571,5675.57,864,111188.45,10555,New,2025-11-12,0.10411465109592122,0.023625276858713188,18.590710712756607,6.5689467592592585,2025-11
CMP-1355,LinkedIn_Medium_New_Oct,LinkedIn,97272,1896,4523.26,85,11397.41,10357,New,2025-10-08,0.019491734517641253,0.044831223628691984,1.5197335550023654,53.21482352941177,2025-10
CMP-1356,Email_Large_High-Value_Sep,Email,1339111,197771,1153.71,8344,2076847.37,10134,High-Value,2025-09-03,0.14768827976172252,0.042190209889215305,1799.146804656283,0.13826821668264622,2025-09
CMP-1357,Instagram_Small_New_Sep,Instagram,129560,16255,1842.68,201,20470.0,10850,New,2025-09-27,0.12546310589688175,0.012365426022762227,10.108819762519808,9.167562189054726,2025-09
CMP-1358,LinkedIn_Small_High-Value_Aug,LinkedIn,15882,319,725.25,17,2656.27,12887,High-Value,2025-08-04,0.020085631532552575,0.05329153605015674,2.6625577387107895,42.661764705882355,2025-08
CMP-1359,LinkedIn_Small_High-Value_Dec,LinkedIn,13629,225,627.19,9,1366.35,13807,High-Value,2025-12-12,0.016508914813999558,0.04,1.1785264433425275,69.68777777777778,2025-12
CMP-1360,Email_Small_Returning_Aug,Email,211856,29913,193.48,1099,93382.38,13750,Returning,2025-08-04,0.1411949626161166,0.03673987898238224,481.6461649782924,0.17605095541401272,2025-08
CMP-1361,Google Ads_Small_High-Value_Aug,Google Ads,70770,2474,1661.98,64,10544.6,11635,High-Value,2025-08-21,0.03495831567048184,0.025869037995149554,5.344601018062793,25.9684375,2025-08
CMP-1362,Google Ads_Large_High-Value_Sep,Google Ads,1610506,58365,36412.11,1415,229690.94,13263,High-Value,2025-09-18,0.0362401630295075,0.024243981838430566,5.308092005654164,25.732939929328623,2025-09
CMP-1363,LinkedIn_Small_Low-Value_Sep,LinkedIn,35841,794,1951.79,41,1289.79,11566,Low-Value,2025-09-03,0.022153399737730534,0.05163727959697733,-0.33917583346569047,47.60463414634146,2025-09
CMP-1364,Instagram_Large_High-Value_Jul,Instagram,1031134,129428,18227.49,2154,531145.46,12720,High-Value,2025-07-13,0.12552005849870143,0.016642457582594184,28.139802572926932,8.46215877437326,2025-07
CMP-1365,Instagram_Medium_New_Oct,Instagram,339912,48433,6242.42,813,64456.43,13277,New,2025-10-03,0.14248687895690648,0.01678607560960502,9.32555162901567,7.678253382533826,2025-10
CMP-1366,Email_Small_Low-Value_Sep,Email,205023,31767,197.0,1396,61916.92,14065,Low-Value,2025-09-25,0.15494359169459038,0.04394497434444549,313.2990862944162,0.14111747851002865,2025-09
CMP-1367,Email_Medium_High-Value_Nov,Email,617303,86605,725.18,4057,745239.83,10677,High-Value,2025-11-10,0.14029577047252323,0.0468448703885457,1026.661863261535,0.17874784323391668,2025-11
CMP-1368,Email_Large_New_Oct,Email,2421052,354355,2488.67,14814,2137772.55,11479,New,2025-10-19,0.1463640599210591,0.041805533998391445,858.002017141686,0.16799446469555826,2025-10
CMP-1369,LinkedIn_Small_High-Value_Sep,LinkedIn,14613,256,861.04,14,3456.2,10656,High-Value,2025-09-21,0.01751864777937453,0.0546875,3.0139830902164824,61.50285714285714,2025-09
CMP-1370,Instagram_Medium_High-Value_Sep,Instagram,321938,44216,4287.25,755,217318.43,14937,High-Value,2025-09-17,0.13734321515322825,0.017075266871720646,49.689469939938185,5.678476821192053,2025-09
CMP-1371,Email_Medium_Returning_Dec,Email,442782,65368,401.79,2972,365107.43,12880,Returning,2025-12-24,0.14763021080351052,0.04546567127646555,907.7021329550263,0.13519179004037685,2025-12
CMP-1372,Email_Large_New_Sep,Email,4362256,569910,4105.79,23206,3445324.6,13564,New,2025-09-29,0.13064570259058617,0.04071870997174992,838.1380465147998,0.17692794966818925,2025-09
CMP-1373,Instagram_Large_New_Jul,Instagram,2587776,268898,47495.52,3439,421614.49,13328,New,2025-07-20,0.10391084854330514,0.01278923606720764,7.876931761142946,13.810851991858097,2025-07
CMP-1374,Instagram_Small_Returning_Jul,Instagram,101920,12259,1726.68,208,25642.27,14978,Returning,2025-07-08,0.12028061224489796,0.016967126193001062,13.850620844626683,8.301346153846154,2025-07
CMP-1375,Email_Small_New_Aug,Email,136081,20480,131.34,752,80089.65,11934,New,2025-08-02,0.15049860009847077,0.03671875,608.7887163088168,0.17465425531914894,2025-08
CMP-1376,Instagram_Large_High-Value_Oct,Instagram,2877568,364133,37555.41,6032,1049632.82,10266,High-Value,2025-10-07,0.12654192707174947,0.01656537583794932,26.94891122211154,6.22602950928382,2025-10
CMP-1377,LinkedIn_Medium_Returning_Dec,LinkedIn,91504,1644,5692.46,89,13277.11,13039,Returning,2025-12-21,0.017966427697149852,0.054136253041362534,1.3324028627342135,63.96022471910113,2025-12
CMP-1378,Instagram_Large_Low-Value_Jul,Instagram,894452,120217,13967.12,1589,58240.9,11128,Low-Value,2025-07-20,0.13440296404949623,0.013217764542452399,3.16985749388564,8.789880427942103,2025-07
CMP-1379,LinkedIn_Medium_High-Value_Oct,LinkedIn,164588,2880,7864.57,135,36121.78,12284,High-Value,2025-10-10,0.017498238024643353,0.046875,3.592975839747119,58.25607407407407,2025-10
CMP-1380,Facebook_Large_New_Jul,Facebook,1433474,142481,32169.06,2319,288885.66,11525,New,2025-07-07,0.09939559419982504,0.01627585432443624,7.980233180577859,13.871953428201811,2025-07
CMP-1381,Email_Small_Low-Value_Nov,Email,95098,13511,80.37,503,12306.72,12145,Low-Value,2025-11-21,0.14207449157710994,0.03722892457997187,152.12579320642027,0.1597813121272366,2025-11
CMP-1382,Instagram_Large_Low-Value_Aug,Instagram,1704831,245195,22224.17,3484,116568.78,12340,Low-Value,2025-08-24,0.143823639997161,0.014209098880482881,4.245135363885356,6.3789236509758895,2025-08
CMP-1383,Email_Small_Returning_Aug,Email,182766,28435,158.31,1088,99293.26,10607,Returning,2025-08-01,0.15558145388091876,0.03826270441357482,626.2077569326005,0.14550551470588236,2025-08
CMP-1384,Email_Small_Returning_Oct,Email,123672,19438,154.34,732,94735.24,12619,Returning,2025-10-22,0.15717381460637816,0.03765819528758103,612.8087339639757,0.21084699453551914,2025-10
CMP-1385,Instagram_Large_New_Nov,Instagram,946911,112764,13719.63,1787,100939.34,12379,New,2025-11-18,0.11908616543687844,0.015847256216523005,6.357293163153817,7.677465025181869,2025-11
CMP-1386,Instagram_Large_Returning_Dec,Instagram,2267723,278729,33199.35,4354,512234.14,11427,Returning,2025-12-27,0.12291139614494363,0.015620907763454825,14.429041231228926,7.625022967386311,2025-12
CMP-1387,Instagram_Small_Returning_Aug,Instagram,103351,14014,1707.48,210,12118.22,11138,Returning,2025-08-01,0.13559617226732204,0.014985014985014986,6.097137301754632,8.130857142857144,2025-08
CMP-1388,Facebook_Medium_Low-Value_Jul,Facebook,128041,12836,2468.41,278,12137.05,14539,Low-Value,2025-07-07,0.10024913894768082,0.021657837332502337,3.9169505876252324,8.879172661870504,2025-07
CMP-1389,LinkedIn_Large_High-Value_Oct,LinkedIn,599132,10292,30690.76,479,103034.29,11064,High-Value,2025-10-28,0.01717818444015676,0.04654100272055966,2.357176231543305,64.07256784968685,2025-10
CMP-1390,LinkedIn_Medium_New_Jul,LinkedIn,48121,1000,2708.8,54,8091.08,13262,New,2025-07-17,0.020780948026848985,0.054,1.986961015948021,50.162962962962965,2025-07
CMP-1391,Email_Large_Low-Value_Oct,Email,5002326,726712,4732.45,30651,1335450.23,10605,Low-Value,2025-10-13,0.14527481815459448,0.04217764396349585,281.190034760008,0.15439789892662556,2025-10
CMP-1392,Facebook_Small_High-Value_Dec,Facebook,36282,3709,677.5,70,16504.66,13687,High-Value,2025-12-12,0.10222699961413373,0.018873011593421408,23.36112177121771,9.678571428571429,2025-12
CMP-1393,Email_Large_High-Value_Aug,Email,2928139,415017,3351.08,15501,2386061.28,14816,High-Value,2025-08-02,0.14173405019365543,0.03735027721755976,711.0275493273809,0.21618476227340172,2025-08
CMP-1394,Facebook_Large_Returning_Oct,Facebook,690158,56476,10967.67,1137,90815.1,10454,Returning,2025-10-19,0.08183053735521431,0.020132445640626107,7.280254602846366,9.646147757255937,2025-10
CMP-1395,Google Ads_Small_Returning_Sep,Google Ads,69080,2685,1911.02,92,12345.79,11327,Returning,2025-09-16,0.03886797915460336,0.03426443202979516,5.460314387081245,20.77195652173913,2025-09
CMP-1396,Instagram_Large_Returning_Sep,Instagram,1303719,153829,17444.06,2291,145130.26,12327,Returning,2025-09-27,0.11799245082721047,0.014893160587405497,7.319752397091044,7.614168485377565,2025-09
CMP-1397,Google Ads_Large_High-Value_Aug,Google Ads,577190,23054,13224.06,674,174853.28,14513,High-Value,2025-08-20,0.03994178693324555,0.029235707469419624,12.222359850151921,19.62026706231454,2025-08
CMP-1398,Instagram_Medium_Returning_Dec,Instagram,467711,58599,8124.1,750,93853.13,14371,Returning,2025-12-08,0.1252889070387483,0.012798853222751242,10.552434115778977,10.832133333333333,2025-12
CMP-1399,Google Ads_Large_Returning_Nov,Google Ads,1716170,56810,36278.21,1402,109662.63,11264,Returning,2025-11-29,0.03310278119300535,0.02467875374053864,2.0228236178135584,25.876041369472183,2025-11
CMP-1400,Facebook_Small_High-Value_Nov,Facebook,44568,4662,892.56,83,15835.77,10233,High-Value,2025-11-22,0.10460420032310178,0.017803517803517802,16.74196692659317,10.753734939759035,2025-11
CMP-1401,Google Ads_Large_New_Dec,Google Ads,1582568,70309,40375.93,1742,172034.9,12169,New,2025-12-12,0.04442715889617382,0.02477634442247792,3.260828171635923,23.177916188289323,2025-12
CMP-1402,Facebook_Large_Low-Value_Dec,Facebook,519996,54408,11344.54,931,33490.51,10249,Low-Value,2025-12-06,0.10463157408903145,0.01711145419791207,1.9521258684794622,12.185327604726101,2025-12
CMP-1403,Email_Medium_High-Value_Dec,Email,496581,86400,528.88,2794,697294.26,13957,High-Value,2025-12-12,0.17398974185480315,0.032337962962962964,1317.4356753895024,0.18929133858267716,2025-12
CMP-1404,Facebook_Medium_Low-Value_Sep,Facebook,552265,58388,9707.16,958,31196.12,10598,Low-Value,2025-09-15,0.10572460684635093,0.016407480989244366,2.2137226542057613,10.132734864300627,2025-09
CMP-1405,Google Ads_Medium_Returning_Oct,Google Ads,178323,8506,4081.26,230,26546.02,13967,Returning,2025-10-21,0.04769996018460883,0.02703973665647778,5.504368748866772,17.744608695652175,2025-10
CMP-1406,Email_Large_Returning_Sep,Email,1839229,271904,1792.39,12929,1433214.91,11177,Returning,2025-09-26,0.14783585948242442,0.04754987054254443,798.6110835253488,0.1386333049733158,2025-09
CMP-1407,Instagram_Medium_High-Value_Sep,Instagram,270381,27919,4796.05,372,69803.94,11072,High-Value,2025-09-27,0.10325799519936682,0.013324259464880547,13.554464611503215,12.89260752688172,2025-09
CMP-1408,Instagram_Small_New_Sep,Instagram,121294,14691,1775.92,186,25298.6,13822,New,2025-09-20,0.12111893415997493,0.012660812742495406,13.245348889589621,9.547956989247313,2025-09
CMP-1409,Google Ads_Small_High-Value_Oct,Google Ads,52410,2270,1584.22,69,11195.86,11155,High-Value,2025-10-24,0.04331234497233352,0.03039647577092511,6.067111891025237,22.959710144927538,2025-10
CMP-1410,Google Ads_Medium_New_Sep,Google Ads,225268,7806,5666.41,275,37124.32,13426,New,2025-09-13,0.034652058880977325,0.03522931078657443,5.551647339320663,20.605127272727273,2025-09
CMP-1411,Facebook_Large_Returning_Sep,Facebook,2011470,174642,36760.89,3703,387123.42,12562,Returning,2025-09-22,0.08682306969529748,0.021203376049289402,9.530850041987557,9.927326492033487,2025-09
CMP-1412,Facebook_Large_Returning_Nov,Facebook,697410,70459,12490.92,1386,76501.18,13825,Returning,2025-11-05,0.10102952352274845,0.019671014348770208,5.124543268230042,9.012207792207793,2025-11
CMP-1413,Email_Small_High-Value_Nov,Email,147880,20040,167.94,694,138475.39,10738,High-Value,2025-11-05,0.13551528266161753,0.03463073852295409,823.5527569370014,0.24198847262247838,2025-11
CMP-1414,Email_Small_Low-Value_Aug,Email,164780,21799,163.51,1003,46526.62,14779,Low-Value,2025-08-31,0.13229154023546547,0.04601128492132667,283.54907956699896,0.1630209371884347,2025-08
CMP-1415,Instagram_Medium_New_Jul,Instagram,535199,62971,8964.63,1127,143355.81,14055,New,2025-07-13,0.11765903897428807,0.01789712724905115,14.99126902058423,7.954418811002661,2025-07
CMP-1416,LinkedIn_Large_Low-Value_Sep,LinkedIn,183170,3610,11086.7,210,7593.82,10067,Low-Value,2025-09-12,0.01970846754381176,0.05817174515235457,-0.3150513678551779,52.79380952380953,2025-09
CMP-1417,Google Ads_Medium_Low-Value_Aug,Google Ads,201535,8566,5982.5,290,9109.65,12997,Low-Value,2025-08-04,0.04250378346192969,0.033854774690637406,0.5227162557459255,20.629310344827587,2025-08
CMP-1418,Email_Medium_High-Value_Jul,Email,972928,128646,820.49,5193,1002616.11,10420,High-Value,2025-07-12,0.13222561176161032,0.040366587379319994,1220.9723701690452,0.157999229732332,2025-07
CMP-1419,LinkedIn_Large_Returning_Oct,LinkedIn,860177,18129,41714.18,1014,90851.41,12365,Returning,2025-10-01,0.0210758948448982,0.055932483865629656,1.1779502797370103,41.13824457593688,2025-10
CMP-1420,Google Ads_Medium_Low-Value_Nov,Google Ads,377754,13042,9320.72,421,18438.89,14505,Low-Value,2025-11-07,0.03452511422777787,0.03228032510351173,0.9782688461835567,22.139477434679332,2025-11
CMP-1421,Instagram_Small_New_Aug,Instagram,74297,10364,975.14,141,20917.65,13227,New,2025-08-02,0.13949419222848836,0.01360478579698958,20.450919867916404,6.915886524822695,2025-08
CMP-1422,Instagram_Medium_High-Value_Nov,Instagram,183541,19242,3125.69,334,82880.06,11182,High-Value,2025-11-20,0.1048376112149329,0.017357863008003325,25.51576451919416,9.358353293413174,2025-11
CMP-1423,Facebook_Small_Low-Value_Nov,Facebook,39487,3717,728.16,61,2834.82,10372,Low-Value,2025-11-06,0.09413224605566389,0.01641108420769438,2.893127883981543,11.937049180327868,2025-11
CMP-1424,Google Ads_Medium_Returning_Sep,Google Ads,337855,16039,8428.83,465,69011.13,14255,Returning,2025-09-24,0.04747302837015879,0.02899183240850427,7.187510010286125,18.126516129032257,2025-09
CMP-1425,Email_Large_Returning_Dec,Email,3869467,502865,3671.68,23187,2150570.34,11146,Returning,2025-12-03,0.12995717498043013,0.04610979089815358,584.7183469147637,0.15835080001725105,2025-12
CMP-1426,Instagram_Medium_High-Value_Aug,Instagram,176994,21746,3297.87,329,84850.1,12452,High-Value,2025-08-11,0.1228629219069573,0.01512921916674331,24.72875825911877,10.023920972644376,2025-08
CMP-1427,LinkedIn_Large_High-Value_Nov,LinkedIn,758739,16579,45610.32,725,202076.75,14361,High-Value,2025-11-07,0.021850728643182965,0.043730019904698714,3.430504982205781,62.91078620689655,2025-11
CMP-1428,Email_Small_High-Value_Oct,Email,175680,28568,172.86,1057,233253.67,13018,High-Value,2025-10-30,0.16261384335154827,0.036999439932791936,1348.3790929075553,0.16353831598864713,2025-10
CMP-1429,Instagram_Large_New_Oct,Instagram,2811135,318148,42865.48,4761,632379.47,12521,New,2025-10-15,0.11317421610844018,0.014964733394520788,13.752651084275737,9.00346145767696,2025-10
CMP-1430,Google Ads_Large_Low-Value_Sep,Google Ads,814145,35327,23408.32,1197,27553.89,14739,Low-Value,2025-09-06,0.04339153344920131,0.03388343193591304,0.17709814288253065,19.55582289055973,2025-09
CMP-1431,LinkedIn_Large_Returning_Jul,LinkedIn,335774,6307,19594.96,309,38588.73,13936,Returning,2025-07-14,0.018783467451321423,0.04899318217853179,0.9693191514552725,63.41411003236246,2025-07
CMP-1432,Facebook_Large_Low-Value_Aug,Facebook,2099416,177790,36045.9,4041,137954.14,11985,Low-Value,2025-08-07,0.08468545538378291,0.022729062376961585,2.827179790211925,8.920044543429844,2025-08
CMP-1433,Google Ads_Small_New_Aug,Google Ads,82971,2822,1968.66,90,7425.94,13613,New,2025-08-18,0.03401188367019802,0.031892274982282066,2.7720784696189282,21.874000000000002,2025-08
CMP-1434,Instagram_Medium_Low-Value_Aug,Instagram,413410,43157,7490.62,739,19816.57,11671,Low-Value,2025-08-08,0.10439273360586343,0.01712352573163102,1.645517994505128,10.136156968876861,2025-08
CMP-1435,Email_Large_Low-Value_Jul,Email,3964266,628625,4348.16,27097,958682.18,11132,Low-Value,2025-07-16,0.15857286065062234,0.043105189898588185,219.47996853841627,0.160466472303207,2025-07
CMP-1436,LinkedIn_Medium_Returning_Nov,LinkedIn,78637,1279,4442.49,58,6688.34,13919,Returning,2025-11-21,0.01626460826328573,0.04534792806880375,0.5055385605820161,76.5946551724138,2025-11
CMP-1437,LinkedIn_Small_Low-Value_Sep,LinkedIn,43813,969,1907.46,54,2157.28,13766,Low-Value,2025-09-19,0.02211672334695182,0.05572755417956656,0.1309699810218826,35.32333333333333,2025-09
CMP-1438,LinkedIn_Medium_High-Value_Nov,LinkedIn,94944,2028,4082.29,103,17164.79,12166,High-Value,2025-11-17,0.021359959555106167,0.050788954635108484,3.2046963836474136,39.63388349514563,2025-11
CMP-1439,LinkedIn_Small_Low-Value_Aug,LinkedIn,23040,527,1170.58,26,816.71,12286,Low-Value,2025-08-19,0.022873263888888887,0.04933586337760911,-0.3023031317808265,45.02230769230769,2025-08
CMP-1440,LinkedIn_Medium_High-Value_Aug,LinkedIn,165723,3211,9814.4,131,34189.12,12368,High-Value,2025-08-27,0.019375705243086357,0.0407972594207412,2.483567003586567,74.91908396946565,2025-08
CMP-1441,Facebook_Medium_Low-Value_Sep,Facebook,473468,48719,9344.61,893,42259.53,12858,Low-Value,2025-09-20,0.1028981895291762,0.018329604466429936,3.522342826506403,10.464288913773796,2025-09
CMP-1442,LinkedIn_Small_High-Value_Sep,LinkedIn,36597,590,1630.94,34,8806.02,14698,High-Value,2025-09-12,0.01612154001694128,0.0576271186440678,4.399352520632273,47.968823529411765,2025-09
CMP-1443,LinkedIn_Medium_Low-Value_Oct,LinkedIn,100455,1833,4438.01,105,2454.63,11200,Low-Value,2025-10-10,0.01824697625802598,0.057283142389525366,-0.4469075103481065,42.26676190476191,2025-10
CMP-1444,Instagram_Large_New_Sep,Instagram,2584563,260094,38147.44,3498,179238.93,10648,New,2025-09-12,0.10063364677123367,0.01344898382892339,3.6985834436072245,10.905500285877645,2025-09
CMP-1445,Instagram_Medium_Low-Value_Dec,Instagram,352869,44010,5750.14,606,17572.53,13925,Low-Value,2025-12-15,0.12472050534334271,0.013769597818677573,2.0560177665239454,9.4886798679868,2025-12
CMP-1446,Facebook_Medium_Returning_Nov,Facebook,361635,37792,7945.55,862,100664.76,14605,Returning,2025-11-15,0.10450315926279259,0.022809060118543608,11.66932559734694,9.217575406032482,2025-11
CMP-1447,Instagram_Large_Returning_Jul,Instagram,2601441,272880,33728.86,3403,251655.31,14808,Returning,2025-07-28,0.10489570972395684,0.01247068308413955,6.461127058548674,9.911507493388187,2025-07
CMP-1448,Facebook_Large_Returning_Jul,Facebook,1889219,175661,41783.13,4209,570612.49,14351,Returning,2025-07-13,0.09298075024653045,0.023960924735712538,12.656528125106952,9.927091945830362,2025-07
CMP-1449,Facebook_Small_Returning_Jul,Facebook,58798,5993,1282.17,124,7625.17,13386,Returning,2025-07-14,0.10192523555222967,0.02069080594026364,4.947081900216039,10.34008064516129,2025-07
CMP-1450,Instagram_Large_Low-Value_Jul,Instagram,1067196,136730,13754.29,2321,107623.3,11127,Low-Value,2025-07-26,0.12812079505545373,0.016975060337892197,6.824707782081082,5.926018957345972,2025-07
CMP-1451,Google Ads_Large_Returning_Oct,Google Ads,1324011,51486,32870.89,1431,133740.68,13897,Returning,2025-10-13,0.038886383874454214,0.02779396340752826,3.068666227169389,22.970573025856044,2025-10
CMP-1452,Email_Medium_Returning_Sep,Email,852498,147952,819.1,5784,640340.61,12339,Returning,2025-09-12,0.1735511402959303,0.03909376013842327,780.7612135270418,0.14161479944674965,2025-09
CMP-1453,Google Ads_Large_New_Dec,Google Ads,1461812,63211,35252.3,1697,171798.13,11903,New,2025-12-14,0.04324153858362088,0.02684659315625445,3.873387835687317,20.7733058338244,2025-12
CMP-1454,LinkedIn_Medium_New_Aug,LinkedIn,54057,1075,2833.8,57,8268.03,11441,New,2025-08-14,0.019886416190317627,0.053023255813953486,1.9176476815583317,49.71578947368421,2025-08
CMP-1455,Google Ads_Small_Low-Value_Nov,Google Ads,61499,2466,1400.98,77,1703.85,12372,Low-Value,2025-11-04,0.04009821297907283,0.031224655312246552,0.21618438521606295,18.194545454545455,2025-11
CMP-1456,Google Ads_Large_New_Sep,Google Ads,762431,30161,20175.66,740,47361.78,14938,New,2025-09-15,0.039558989600370395,0.024534995524021087,1.3474711607947398,27.264405405405405,2025-09
CMP-1457,Google Ads_Medium_High-Value_Sep,Google Ads,200377,7474,4214.51,222,39830.05,14451,High-Value,2025-09-11,0.037299690084191296,0.0297029702970297,8.450695335875345,18.98427927927928,2025-09
CMP-1458,LinkedIn_Large_Low-Value_Aug,LinkedIn,628213,11091,34431.2,558,11252.17,13835,Low-Value,2025-08-04,0.017654839998535527,0.05031106302407357,-0.6731984363019587,61.70465949820788,2025-08
CMP-1459,Instagram_Medium_Returning_Jul,Instagram,121978,11924,2061.31,150,12582.91,11332,Returning,2025-07-29,0.09775533292888881,0.012579671251257966,5.1043268601035265,13.742066666666666,2025-07
CMP-1460,Email_Small_High-Value_Aug,Email,175298,26427,170.39,969,280780.4,12762,High-Value,2025-08-17,0.15075471482846353,0.036667045067544556,1646.8690063970892,0.17584107327141382,2025-08
CMP-1461,Instagram_Large_Returning_Aug,Instagram,1440405,180942,25880.6,2294,193894.19,13322,Returning,2025-08-14,0.1256188363689379,0.012678095743387383,6.491873836000711,11.281865736704447,2025-08
CMP-1462,Email_Medium_High-Value_Jul,Email,696630,104224,605.93,4506,1346944.9,10782,High-Value,2025-07-23,0.14961170205130414,0.043233804114215534,2221.93812816662,0.13447181535730138,2025-07
CMP-1463,Facebook_Medium_Returning_Oct,Facebook,154272,13298,3051.91,257,23413.24,12033,Returning,2025-10-31,0.08619840282099149,0.019326214468341103,6.671667906327514,11.875136186770428,2025-10
CMP-1464,Google Ads_Small_High-Value_Oct,Google Ads,80831,3372,1861.42,93,25441.88,13660,High-Value,2025-10-07,0.0417166681100073,0.027580071174377226,12.667995401360251,20.0152688172043,2025-10
CMP-1465,Instagram_Large_High-Value_Sep,Instagram,3626362,348403,48202.42,5511,868921.06,14694,High-Value,2025-09-16,0.09607507468917885,0.015817889053768193,17.026502818738148,8.746583197241879,2025-09
CMP-1466,Google Ads_Medium_High-Value_Dec,Google Ads,133814,5574,4060.86,179,29923.99,11936,High-Value,2025-12-15,0.04165483432226822,0.032113383566559024,6.36887999093788,22.6863687150838,2025-12
CMP-1467,Google Ads_Medium_New_Oct,Google Ads,199277,7553,5070.71,192,17643.8,11309,New,2025-10-28,0.03790201578707026,0.02542036276976036,2.4795521731670713,26.409947916666667,2025-10
CMP-1468,Email_Small_High-Value_Dec,Email,134761,16819,162.68,633,184366.86,12417,High-Value,2025-12-24,0.12480613827442658,0.03763600689696177,1132.309933611999,0.25699842022116903,2025-12
CMP-1469,Instagram_Small_Returning_Aug,Instagram,107351,12170,1502.86,189,9641.48,13918,Returning,2025-08-26,0.11336643347523544,0.01552999178307313,5.415421263457675,7.951640211640211,2025-08
CMP-1470,Facebook_Medium_Low-Value_Dec,Facebook,458924,43163,7088.77,992,41385.44,13407,Low-Value,2025-12-03,0.09405261001821652,0.022982647174663483,4.838169386226383,7.1459375000000005,2025-12
CMP-1471,LinkedIn_Large_Low-Value_Nov,LinkedIn,344169,5689,14822.34,288,6988.06,11790,Low-Value,2025-11-15,0.01652967001676502,0.050624011249780276,-0.5285454253511929,51.466458333333335,2025-11
CMP-1472,Facebook_Medium_New_Nov,Facebook,112686,9310,2093.65,185,19928.2,14327,New,2025-11-12,0.08261895887687912,0.01987110633727175,8.518400878847944,11.317027027027027,2025-11
CMP-1473,Instagram_Small_New_Nov,Instagram,32021,3932,565.61,55,6760.45,10506,New,2025-11-22,0.12279441616439211,0.013987792472024415,10.952493767790527,10.283818181818182,2025-11
CMP-1474,LinkedIn_Large_Returning_Nov,LinkedIn,821620,17697,36091.67,860,100875.13,11228,Returning,2025-11-24,0.02153915435359412,0.04859580719896028,1.7949698642373715,41.967058139534885,2025-11
CMP-1475,Facebook_Medium_High-Value_Nov,Facebook,215412,21628,4203.05,423,114107.23,10953,High-Value,2025-11-11,0.10040294876794237,0.019557980395783246,26.14867298747338,9.93628841607565,2025-11
CMP-1476,Facebook_Large_Low-Value_Jul,Facebook,2724012,286018,42896.89,5562,164446.12,13650,Low-Value,2025-07-24,0.10499880323581541,0.01944632855274843,2.8335207983609068,7.712493707299532,2025-07
CMP-1477,Google Ads_Large_Low-Value_Aug,Google Ads,1262903,52558,33287.95,1706,69352.57,13404,Low-Value,2025-08-03,0.041616814593044754,0.03245937821073861,1.0834136677085857,19.512280187573268,2025-08
CMP-1478,Email_Medium_New_Nov,Email,433062,63154,499.64,2165,300956.01,12525,New,2025-11-21,0.14583131283742282,0.03428128067897521,601.3457089104155,0.23078060046189375,2025-11
CMP-1479,Google Ads_Small_Low-Value_Sep,Google Ads,35119,1138,1018.82,36,1407.85,11786,Low-Value,2025-09-04,0.03240411173438879,0.03163444639718805,0.38184370153707214,28.300555555555558,2025-09
CMP-1480,LinkedIn_Medium_New_Jul,LinkedIn,78307,1509,4724.83,69,8122.13,12823,New,2025-07-12,0.019270307890737737,0.04572564612326044,0.719031160909493,68.47579710144927,2025-07
CMP-1481,Google Ads_Medium_New_Jul,Google Ads,259016,9191,6846.23,329,31386.65,10260,New,2025-07-18,0.03548429440652315,0.0357958872810358,3.5845158576325953,20.80920972644377,2025-07
CMP-1482,Instagram_Small_Low-Value_Aug,Instagram,87472,10436,1532.41,126,4430.62,13444,Low-Value,2025-08-16,0.11930674958843973,0.012073591414334995,1.891275833491037,12.161984126984128,2025-08
CMP-1483,Instagram_Medium_Low-Value_Oct,Instagram,617486,60434,9712.14,736,23286.75,13078,Low-Value,2025-10-23,0.09787104484959983,0.012178574974352185,1.397695049700684,13.195842391304348,2025-10
CMP-1484,Google Ads_Medium_Returning_Dec,Google Ads,106191,4682,3280.2,138,10891.58,10972,Returning,2025-12-15,0.04409036547353354,0.02947458351131995,2.3204011950490826,23.769565217391303,2025-12
CMP-1485,Facebook_Small_Low-Value_Nov,Facebook,87002,9258,1850.12,171,7977.51,11825,Low-Value,2025-11-13,0.1064113468655893,0.01847051198963059,3.3118878775430787,10.819415204678362,2025-11
CMP-1486,Google Ads_Medium_New_Sep,Google Ads,308610,14734,6823.54,404,59029.87,14461,New,2025-09-15,0.04774310618580085,0.02741957377494231,7.650915800303069,16.889950495049504,2025-09
CMP-1487,Email_Small_Low-Value_Aug,Email,103457,14527,108.42,590,14528.37,13774,Low-Value,2025-08-28,0.1404158249320974,0.04061402904935637,133.00083010514666,0.1837627118644068,2025-08
CMP-1488,Instagram_Small_Returning_Sep,Instagram,90184,11955,1330.57,203,19090.96,10925,Returning,2025-09-09,0.13256231704071675,0.01698034295273944,13.347956139098281,6.554532019704433,2025-09
CMP-1489,Google Ads_Small_Low-Value_Dec,Google Ads,34468,1210,953.5,29,877.93,11972,Low-Value,2025-12-05,0.03510502495067889,0.023966942148760332,-0.07925537493445207,32.87931034482759,2025-12
CMP-1490,Facebook_Large_New_Jul,Facebook,1371797,126311,20809.91,2371,256178.87,10276,New,2025-07-26,0.09207703472160969,0.018771128405285366,11.310426618856113,8.776849430619992,2025-07
CMP-1491,Email_Large_New_Sep,Email,1521942,239818,1556.79,9550,861198.75,10363,New,2025-09-01,0.15757367889183688,0.03982186491422662,552.1887730522421,0.16301465968586387,2025-09
CMP-1492,Email_Large_Low-Value_Aug,Email,5732279,902285,4975.39,37092,1432486.16,11780,Low-Value,2025-08-29,0.1574042366046733,0.04110896224585358,286.914346413045,0.13413647147632915,2025-08
CMP-1493,Google Ads_Medium_Returning_Nov,Google Ads,138362,4514,3610.5,134,13976.53,11919,Returning,2025-11-06,0.03262456454806956,0.02968542312804608,2.8710787979504224,26.94402985074627,2025-11
CMP-1494,LinkedIn_Large_High-Value_Nov,LinkedIn,453140,10547,19109.99,574,132024.59,12627,High-Value,2025-11-25,0.02327536743611246,0.054423058689674786,5.90866871201921,33.29266550522648,2025-11
CMP-1495,Facebook_Large_High-Value_Aug,Facebook,2121124,213084,44798.77,3622,974794.65,14271,High-Value,2025-08-06,0.10045805902908081,0.016997991402451614,20.75940656406415,12.368517393705135,2025-08
CMP-1496,Facebook_Medium_Low-Value_Sep,Facebook,268921,28501,4206.14,489,16567.45,10500,Low-Value,2025-09-15,0.10598279792206633,0.017157292726571,2.9388726956306734,8.60151329243354,2025-09
CMP-1497,LinkedIn_Large_Returning_Dec,LinkedIn,978253,22410,49239.5,1160,101538.27,13500,Returning,2025-12-08,0.022908184283615792,0.05176260597947345,1.0621304034362657,42.44784482758621,2025-12
CMP-1498,LinkedIn_Medium_Low-Value_Jul,LinkedIn,75548,1669,4286.27,79,2791.72,13123,Low-Value,2025-07-13,0.022091915073860328,0.04733373277411624,-0.3486831207553422,54.25658227848102,2025-07
CMP-1499,LinkedIn_Medium_High-Value_Dec,LinkedIn,122443,2806,5938.6,167,35259.98,13345,High-Value,2025-12-26,0.022916785769705086,0.05951532430506058,4.937422961640792,35.56047904191617,2025-12
